ISO-10303-21;
HEADER;
/* Generated by software containing ST-Developer
 * from STEP Tools, Inc. (www.steptools.com) 
 */
/* OPTION: using custom renumber hook */

FILE_DESCRIPTION(
/* description */ ('STEP AP242 Edition 2',
'CAx-IF Rec.Pracs.---Representation and Presentation of Product Manufa
cturing Information (PMI)---4.0---2014-10-13',
'CAx-IF Rec.Pracs.---3D Tessellated Geometry---0.4---2014-09-14','2;1',
'CAx-IF Rec.Pracs.---User Defined Attributes---1.5---2016-08-15'),
/* implementation_level */ '2;1');

FILE_NAME(
/* name */ 'v3 Case',
/* time_stamp */ '2026-05-29T17:50:37Z',
/* author */ (''),
/* organization */ (''),
/* preprocessor_version */ 'ST-DEVELOPER v20',
/* originating_system */ 'ONSHAPE BY PTC INC, 1.215',
/* authorisation */ '  ');

FILE_SCHEMA (('AP242_MANAGED_MODEL_BASED_3D_ENGINEERING_MIM_LF { 1 0 10303 442 3 1 4 }'));
ENDSEC;

DATA;
#10=CYLINDRICAL_SURFACE('',#1663,0.0025);
#11=CYLINDRICAL_SURFACE('',#1664,0.0025);
#12=CYLINDRICAL_SURFACE('',#1665,0.0025);
#13=CYLINDRICAL_SURFACE('',#1666,0.0025);
#14=CYLINDRICAL_SURFACE('',#1667,0.00225);
#15=CYLINDRICAL_SURFACE('',#1673,0.0085);
#16=CYLINDRICAL_SURFACE('',#1681,0.0085);
#17=CYLINDRICAL_SURFACE('',#1689,0.0025);
#18=CYLINDRICAL_SURFACE('',#1693,0.006);
#19=CYLINDRICAL_SURFACE('',#1694,0.0025);
#20=CYLINDRICAL_SURFACE('',#1698,0.006);
#21=CYLINDRICAL_SURFACE('',#1717,0.002);
#22=CYLINDRICAL_SURFACE('',#1718,0.00125);
#23=CYLINDRICAL_SURFACE('',#1719,0.002);
#24=CYLINDRICAL_SURFACE('',#1720,0.00125);
#25=CYLINDRICAL_SURFACE('',#1721,0.003);
#26=CYLINDRICAL_SURFACE('',#1722,0.003);
#27=CYLINDRICAL_SURFACE('',#1723,0.003);
#28=CYLINDRICAL_SURFACE('',#1724,0.003);
#29=CIRCLE('',#1624,0.00225);
#30=CIRCLE('',#1627,0.0025);
#31=CIRCLE('',#1628,0.0025);
#32=CIRCLE('',#1629,0.0025);
#33=CIRCLE('',#1630,0.0025);
#34=CIRCLE('',#1634,0.0025);
#35=CIRCLE('',#1635,0.0025);
#36=CIRCLE('',#1636,0.003);
#37=CIRCLE('',#1637,0.0085);
#38=CIRCLE('',#1638,0.003);
#39=CIRCLE('',#1639,0.003);
#40=CIRCLE('',#1640,0.0085);
#41=CIRCLE('',#1641,0.003);
#42=CIRCLE('',#1644,0.00225);
#43=CIRCLE('',#1646,0.00125);
#44=CIRCLE('',#1647,0.00125);
#45=CIRCLE('',#1650,0.0025);
#46=CIRCLE('',#1651,0.0025);
#47=CIRCLE('',#1652,0.0025);
#48=CIRCLE('',#1653,0.0025);
#49=CIRCLE('',#1656,0.00125);
#50=CIRCLE('',#1657,0.00125);
#51=CIRCLE('',#1658,0.002);
#52=CIRCLE('',#1659,0.002);
#53=CIRCLE('',#1674,0.0085);
#54=CIRCLE('',#1678,0.006);
#55=CIRCLE('',#1679,0.003);
#56=CIRCLE('',#1680,0.003);
#57=CIRCLE('',#1682,0.0085);
#58=CIRCLE('',#1686,0.006);
#59=CIRCLE('',#1687,0.003);
#60=CIRCLE('',#1688,0.003);
#61=CIRCLE('',#1690,0.0025);
#62=CIRCLE('',#1692,0.006);
#63=CIRCLE('',#1695,0.0025);
#64=CIRCLE('',#1697,0.006);
#65=ELLIPSE('',#1618,0.00282842712474619,0.002);
#66=ELLIPSE('',#1620,0.00282842712474619,0.002);
#67=SHAPE_REPRESENTATION_RELATIONSHIP('','',#1603,#69);
#68=SHAPE_REPRESENTATION_RELATIONSHIP('','',#1604,#70);
#69=ADVANCED_BREP_SHAPE_REPRESENTATION('',(#1599),#2605);
#70=ADVANCED_BREP_SHAPE_REPRESENTATION('',(#1600),#2606);
#71=ORIENTED_EDGE('',*,*,#503,.F.);
#72=ORIENTED_EDGE('',*,*,#504,.T.);
#73=ORIENTED_EDGE('',*,*,#505,.T.);
#74=ORIENTED_EDGE('',*,*,#506,.T.);
#75=ORIENTED_EDGE('',*,*,#507,.T.);
#76=ORIENTED_EDGE('',*,*,#508,.T.);
#77=ORIENTED_EDGE('',*,*,#509,.F.);
#78=ORIENTED_EDGE('',*,*,#510,.T.);
#79=ORIENTED_EDGE('',*,*,#511,.F.);
#80=ORIENTED_EDGE('',*,*,#512,.T.);
#81=ORIENTED_EDGE('',*,*,#513,.T.);
#82=ORIENTED_EDGE('',*,*,#514,.T.);
#83=ORIENTED_EDGE('',*,*,#515,.T.);
#84=ORIENTED_EDGE('',*,*,#516,.T.);
#85=ORIENTED_EDGE('',*,*,#517,.F.);
#86=ORIENTED_EDGE('',*,*,#518,.T.);
#87=ORIENTED_EDGE('',*,*,#517,.T.);
#88=ORIENTED_EDGE('',*,*,#519,.T.);
#89=ORIENTED_EDGE('',*,*,#511,.T.);
#90=ORIENTED_EDGE('',*,*,#520,.T.);
#91=ORIENTED_EDGE('',*,*,#507,.F.);
#92=ORIENTED_EDGE('',*,*,#521,.T.);
#93=ORIENTED_EDGE('',*,*,#505,.F.);
#94=ORIENTED_EDGE('',*,*,#522,.T.);
#95=ORIENTED_EDGE('',*,*,#513,.F.);
#96=ORIENTED_EDGE('',*,*,#523,.T.);
#97=ORIENTED_EDGE('',*,*,#515,.F.);
#98=ORIENTED_EDGE('',*,*,#524,.T.);
#99=ORIENTED_EDGE('',*,*,#503,.T.);
#100=ORIENTED_EDGE('',*,*,#525,.T.);
#101=ORIENTED_EDGE('',*,*,#509,.T.);
#102=ORIENTED_EDGE('',*,*,#526,.T.);
#103=ORIENTED_EDGE('',*,*,#519,.F.);
#104=ORIENTED_EDGE('',*,*,#516,.F.);
#105=ORIENTED_EDGE('',*,*,#523,.F.);
#106=ORIENTED_EDGE('',*,*,#512,.F.);
#107=ORIENTED_EDGE('',*,*,#522,.F.);
#108=ORIENTED_EDGE('',*,*,#504,.F.);
#109=ORIENTED_EDGE('',*,*,#524,.F.);
#110=ORIENTED_EDGE('',*,*,#518,.F.);
#111=ORIENTED_EDGE('',*,*,#520,.F.);
#112=ORIENTED_EDGE('',*,*,#514,.F.);
#113=ORIENTED_EDGE('',*,*,#526,.F.);
#114=ORIENTED_EDGE('',*,*,#508,.F.);
#115=ORIENTED_EDGE('',*,*,#521,.F.);
#116=ORIENTED_EDGE('',*,*,#510,.F.);
#117=ORIENTED_EDGE('',*,*,#525,.F.);
#118=ORIENTED_EDGE('',*,*,#506,.F.);
#119=ORIENTED_EDGE('',*,*,#527,.F.);
#120=ORIENTED_EDGE('',*,*,#528,.F.);
#121=ORIENTED_EDGE('',*,*,#529,.T.);
#122=ORIENTED_EDGE('',*,*,#530,.F.);
#123=ORIENTED_EDGE('',*,*,#531,.F.);
#124=ORIENTED_EDGE('',*,*,#532,.F.);
#125=ORIENTED_EDGE('',*,*,#533,.F.);
#126=ORIENTED_EDGE('',*,*,#534,.F.);
#127=ORIENTED_EDGE('',*,*,#535,.F.);
#128=ORIENTED_EDGE('',*,*,#536,.F.);
#129=ORIENTED_EDGE('',*,*,#537,.T.);
#130=ORIENTED_EDGE('',*,*,#538,.F.);
#131=ORIENTED_EDGE('',*,*,#539,.F.);
#132=ORIENTED_EDGE('',*,*,#540,.T.);
#133=ORIENTED_EDGE('',*,*,#541,.T.);
#134=ORIENTED_EDGE('',*,*,#542,.T.);
#135=ORIENTED_EDGE('',*,*,#536,.T.);
#136=ORIENTED_EDGE('',*,*,#543,.T.);
#137=ORIENTED_EDGE('',*,*,#544,.F.);
#138=ORIENTED_EDGE('',*,*,#545,.T.);
#139=ORIENTED_EDGE('',*,*,#546,.T.);
#140=ORIENTED_EDGE('',*,*,#547,.T.);
#141=ORIENTED_EDGE('',*,*,#530,.T.);
#142=ORIENTED_EDGE('',*,*,#548,.T.);
#143=ORIENTED_EDGE('',*,*,#549,.F.);
#144=ORIENTED_EDGE('',*,*,#550,.T.);
#145=ORIENTED_EDGE('',*,*,#551,.T.);
#146=ORIENTED_EDGE('',*,*,#552,.F.);
#147=ORIENTED_EDGE('',*,*,#553,.T.);
#148=ORIENTED_EDGE('',*,*,#554,.F.);
#149=ORIENTED_EDGE('',*,*,#555,.T.);
#150=ORIENTED_EDGE('',*,*,#556,.F.);
#151=ORIENTED_EDGE('',*,*,#557,.T.);
#152=ORIENTED_EDGE('',*,*,#558,.F.);
#153=ORIENTED_EDGE('',*,*,#559,.T.);
#154=ORIENTED_EDGE('',*,*,#560,.F.);
#155=ORIENTED_EDGE('',*,*,#561,.T.);
#156=ORIENTED_EDGE('',*,*,#562,.F.);
#157=ORIENTED_EDGE('',*,*,#563,.T.);
#158=ORIENTED_EDGE('',*,*,#564,.T.);
#159=ORIENTED_EDGE('',*,*,#565,.T.);
#160=ORIENTED_EDGE('',*,*,#566,.T.);
#161=ORIENTED_EDGE('',*,*,#567,.T.);
#162=ORIENTED_EDGE('',*,*,#568,.F.);
#163=ORIENTED_EDGE('',*,*,#569,.T.);
#164=ORIENTED_EDGE('',*,*,#570,.T.);
#165=ORIENTED_EDGE('',*,*,#571,.T.);
#166=ORIENTED_EDGE('',*,*,#572,.T.);
#167=ORIENTED_EDGE('',*,*,#560,.T.);
#168=ORIENTED_EDGE('',*,*,#573,.T.);
#169=ORIENTED_EDGE('',*,*,#574,.T.);
#170=ORIENTED_EDGE('',*,*,#575,.T.);
#171=ORIENTED_EDGE('',*,*,#576,.F.);
#172=ORIENTED_EDGE('',*,*,#577,.T.);
#173=ORIENTED_EDGE('',*,*,#578,.T.);
#174=ORIENTED_EDGE('',*,*,#579,.F.);
#175=ORIENTED_EDGE('',*,*,#580,.F.);
#176=ORIENTED_EDGE('',*,*,#581,.F.);
#177=ORIENTED_EDGE('',*,*,#582,.T.);
#178=ORIENTED_EDGE('',*,*,#583,.T.);
#179=ORIENTED_EDGE('',*,*,#584,.T.);
#180=ORIENTED_EDGE('',*,*,#585,.T.);
#181=ORIENTED_EDGE('',*,*,#586,.T.);
#182=ORIENTED_EDGE('',*,*,#587,.F.);
#183=ORIENTED_EDGE('',*,*,#588,.T.);
#184=ORIENTED_EDGE('',*,*,#589,.F.);
#185=ORIENTED_EDGE('',*,*,#590,.T.);
#186=ORIENTED_EDGE('',*,*,#591,.T.);
#187=ORIENTED_EDGE('',*,*,#592,.F.);
#188=ORIENTED_EDGE('',*,*,#593,.F.);
#189=ORIENTED_EDGE('',*,*,#594,.T.);
#190=ORIENTED_EDGE('',*,*,#595,.T.);
#191=ORIENTED_EDGE('',*,*,#596,.T.);
#192=ORIENTED_EDGE('',*,*,#597,.T.);
#193=ORIENTED_EDGE('',*,*,#598,.T.);
#194=ORIENTED_EDGE('',*,*,#599,.F.);
#195=ORIENTED_EDGE('',*,*,#600,.T.);
#196=ORIENTED_EDGE('',*,*,#601,.T.);
#197=ORIENTED_EDGE('',*,*,#602,.T.);
#198=ORIENTED_EDGE('',*,*,#603,.T.);
#199=ORIENTED_EDGE('',*,*,#604,.T.);
#200=ORIENTED_EDGE('',*,*,#605,.T.);
#201=ORIENTED_EDGE('',*,*,#606,.T.);
#202=ORIENTED_EDGE('',*,*,#607,.F.);
#203=ORIENTED_EDGE('',*,*,#595,.F.);
#204=ORIENTED_EDGE('',*,*,#608,.T.);
#205=ORIENTED_EDGE('',*,*,#609,.T.);
#206=ORIENTED_EDGE('',*,*,#610,.T.);
#207=ORIENTED_EDGE('',*,*,#611,.T.);
#208=ORIENTED_EDGE('',*,*,#612,.T.);
#209=ORIENTED_EDGE('',*,*,#613,.T.);
#210=ORIENTED_EDGE('',*,*,#614,.T.);
#211=ORIENTED_EDGE('',*,*,#615,.F.);
#212=ORIENTED_EDGE('',*,*,#616,.F.);
#213=ORIENTED_EDGE('',*,*,#562,.T.);
#214=ORIENTED_EDGE('',*,*,#617,.T.);
#215=ORIENTED_EDGE('',*,*,#618,.T.);
#216=ORIENTED_EDGE('',*,*,#619,.T.);
#217=ORIENTED_EDGE('',*,*,#558,.T.);
#218=ORIENTED_EDGE('',*,*,#620,.T.);
#219=ORIENTED_EDGE('',*,*,#621,.T.);
#220=ORIENTED_EDGE('',*,*,#622,.T.);
#221=ORIENTED_EDGE('',*,*,#623,.T.);
#222=ORIENTED_EDGE('',*,*,#624,.T.);
#223=ORIENTED_EDGE('',*,*,#589,.T.);
#224=ORIENTED_EDGE('',*,*,#625,.T.);
#225=ORIENTED_EDGE('',*,*,#626,.T.);
#226=ORIENTED_EDGE('',*,*,#627,.T.);
#227=ORIENTED_EDGE('',*,*,#628,.T.);
#228=ORIENTED_EDGE('',*,*,#629,.T.);
#229=ORIENTED_EDGE('',*,*,#630,.F.);
#230=ORIENTED_EDGE('',*,*,#631,.T.);
#231=ORIENTED_EDGE('',*,*,#632,.T.);
#232=ORIENTED_EDGE('',*,*,#633,.T.);
#233=ORIENTED_EDGE('',*,*,#634,.T.);
#234=ORIENTED_EDGE('',*,*,#635,.T.);
#235=ORIENTED_EDGE('',*,*,#621,.F.);
#236=ORIENTED_EDGE('',*,*,#636,.T.);
#237=ORIENTED_EDGE('',*,*,#637,.T.);
#238=ORIENTED_EDGE('',*,*,#638,.T.);
#239=ORIENTED_EDGE('',*,*,#639,.T.);
#240=ORIENTED_EDGE('',*,*,#640,.T.);
#241=ORIENTED_EDGE('',*,*,#552,.T.);
#242=ORIENTED_EDGE('',*,*,#641,.T.);
#243=ORIENTED_EDGE('',*,*,#539,.T.);
#244=ORIENTED_EDGE('',*,*,#642,.T.);
#245=ORIENTED_EDGE('',*,*,#639,.F.);
#246=ORIENTED_EDGE('',*,*,#643,.T.);
#247=ORIENTED_EDGE('',*,*,#546,.F.);
#248=ORIENTED_EDGE('',*,*,#644,.T.);
#249=ORIENTED_EDGE('',*,*,#645,.T.);
#250=ORIENTED_EDGE('',*,*,#646,.T.);
#251=ORIENTED_EDGE('',*,*,#528,.T.);
#252=ORIENTED_EDGE('',*,*,#647,.F.);
#253=ORIENTED_EDGE('',*,*,#532,.T.);
#254=ORIENTED_EDGE('',*,*,#637,.F.);
#255=ORIENTED_EDGE('',*,*,#534,.T.);
#256=ORIENTED_EDGE('',*,*,#648,.F.);
#257=ORIENTED_EDGE('',*,*,#538,.T.);
#258=ORIENTED_EDGE('',*,*,#556,.T.);
#259=ORIENTED_EDGE('',*,*,#568,.T.);
#260=ORIENTED_EDGE('',*,*,#649,.T.);
#261=ORIENTED_EDGE('',*,*,#630,.T.);
#262=ORIENTED_EDGE('',*,*,#650,.T.);
#263=ORIENTED_EDGE('',*,*,#566,.F.);
#264=ORIENTED_EDGE('',*,*,#651,.T.);
#265=ORIENTED_EDGE('',*,*,#632,.F.);
#266=ORIENTED_EDGE('',*,*,#652,.T.);
#267=ORIENTED_EDGE('',*,*,#634,.F.);
#268=ORIENTED_EDGE('',*,*,#653,.T.);
#269=ORIENTED_EDGE('',*,*,#564,.F.);
#270=ORIENTED_EDGE('',*,*,#654,.T.);
#271=ORIENTED_EDGE('',*,*,#565,.F.);
#272=ORIENTED_EDGE('',*,*,#653,.F.);
#273=ORIENTED_EDGE('',*,*,#633,.F.);
#274=ORIENTED_EDGE('',*,*,#651,.F.);
#275=ORIENTED_EDGE('',*,*,#563,.F.);
#276=ORIENTED_EDGE('',*,*,#622,.F.);
#277=ORIENTED_EDGE('',*,*,#635,.F.);
#278=ORIENTED_EDGE('',*,*,#654,.F.);
#279=ORIENTED_EDGE('',*,*,#567,.F.);
#280=ORIENTED_EDGE('',*,*,#652,.F.);
#281=ORIENTED_EDGE('',*,*,#631,.F.);
#282=ORIENTED_EDGE('',*,*,#649,.F.);
#283=ORIENTED_EDGE('',*,*,#569,.F.);
#284=ORIENTED_EDGE('',*,*,#650,.F.);
#285=ORIENTED_EDGE('',*,*,#636,.F.);
#286=ORIENTED_EDGE('',*,*,#620,.F.);
#287=ORIENTED_EDGE('',*,*,#549,.T.);
#288=ORIENTED_EDGE('',*,*,#607,.T.);
#289=ORIENTED_EDGE('',*,*,#655,.F.);
#290=ORIENTED_EDGE('',*,*,#656,.T.);
#291=ORIENTED_EDGE('',*,*,#581,.T.);
#292=ORIENTED_EDGE('',*,*,#657,.T.);
#293=ORIENTED_EDGE('',*,*,#587,.T.);
#294=ORIENTED_EDGE('',*,*,#658,.T.);
#295=ORIENTED_EDGE('',*,*,#659,.F.);
#296=ORIENTED_EDGE('',*,*,#660,.T.);
#297=ORIENTED_EDGE('',*,*,#585,.F.);
#298=ORIENTED_EDGE('',*,*,#661,.T.);
#299=ORIENTED_EDGE('',*,*,#662,.T.);
#300=ORIENTED_EDGE('',*,*,#663,.T.);
#301=ORIENTED_EDGE('',*,*,#664,.T.);
#302=ORIENTED_EDGE('',*,*,#665,.T.);
#303=ORIENTED_EDGE('',*,*,#583,.F.);
#304=ORIENTED_EDGE('',*,*,#666,.T.);
#305=ORIENTED_EDGE('',*,*,#541,.F.);
#306=ORIENTED_EDGE('',*,*,#667,.T.);
#307=ORIENTED_EDGE('',*,*,#550,.F.);
#308=ORIENTED_EDGE('',*,*,#668,.T.);
#309=ORIENTED_EDGE('',*,*,#544,.T.);
#310=ORIENTED_EDGE('',*,*,#669,.T.);
#311=ORIENTED_EDGE('',*,*,#554,.T.);
#312=ORIENTED_EDGE('',*,*,#670,.T.);
#313=ORIENTED_EDGE('',*,*,#662,.F.);
#314=ORIENTED_EDGE('',*,*,#671,.T.);
#315=ORIENTED_EDGE('',*,*,#664,.F.);
#316=ORIENTED_EDGE('',*,*,#672,.T.);
#317=ORIENTED_EDGE('',*,*,#655,.T.);
#318=ORIENTED_EDGE('',*,*,#673,.T.);
#319=ORIENTED_EDGE('',*,*,#659,.T.);
#320=ORIENTED_EDGE('',*,*,#674,.T.);
#321=ORIENTED_EDGE('',*,*,#592,.T.);
#322=ORIENTED_EDGE('',*,*,#675,.F.);
#323=ORIENTED_EDGE('',*,*,#676,.F.);
#324=ORIENTED_EDGE('',*,*,#677,.T.);
#325=ORIENTED_EDGE('',*,*,#678,.F.);
#326=ORIENTED_EDGE('',*,*,#679,.T.);
#327=ORIENTED_EDGE('',*,*,#593,.T.);
#328=ORIENTED_EDGE('',*,*,#677,.F.);
#329=ORIENTED_EDGE('',*,*,#591,.F.);
#330=ORIENTED_EDGE('',*,*,#680,.T.);
#331=ORIENTED_EDGE('',*,*,#681,.T.);
#332=ORIENTED_EDGE('',*,*,#675,.T.);
#333=ORIENTED_EDGE('',*,*,#682,.T.);
#334=ORIENTED_EDGE('',*,*,#681,.F.);
#335=ORIENTED_EDGE('',*,*,#683,.T.);
#336=ORIENTED_EDGE('',*,*,#623,.F.);
#337=ORIENTED_EDGE('',*,*,#684,.T.);
#338=ORIENTED_EDGE('',*,*,#606,.F.);
#339=ORIENTED_EDGE('',*,*,#685,.T.);
#340=ORIENTED_EDGE('',*,*,#609,.F.);
#341=ORIENTED_EDGE('',*,*,#686,.T.);
#342=ORIENTED_EDGE('',*,*,#678,.T.);
#343=ORIENTED_EDGE('',*,*,#676,.T.);
#344=ORIENTED_EDGE('',*,*,#598,.F.);
#345=ORIENTED_EDGE('',*,*,#687,.F.);
#346=ORIENTED_EDGE('',*,*,#688,.T.);
#347=ORIENTED_EDGE('',*,*,#689,.T.);
#348=ORIENTED_EDGE('',*,*,#690,.F.);
#349=ORIENTED_EDGE('',*,*,#691,.T.);
#350=ORIENTED_EDGE('',*,*,#599,.T.);
#351=ORIENTED_EDGE('',*,*,#689,.F.);
#352=ORIENTED_EDGE('',*,*,#597,.F.);
#353=ORIENTED_EDGE('',*,*,#692,.T.);
#354=ORIENTED_EDGE('',*,*,#693,.T.);
#355=ORIENTED_EDGE('',*,*,#687,.T.);
#356=ORIENTED_EDGE('',*,*,#694,.T.);
#357=ORIENTED_EDGE('',*,*,#693,.F.);
#358=ORIENTED_EDGE('',*,*,#695,.T.);
#359=ORIENTED_EDGE('',*,*,#613,.F.);
#360=ORIENTED_EDGE('',*,*,#696,.T.);
#361=ORIENTED_EDGE('',*,*,#576,.T.);
#362=ORIENTED_EDGE('',*,*,#697,.T.);
#363=ORIENTED_EDGE('',*,*,#626,.F.);
#364=ORIENTED_EDGE('',*,*,#698,.T.);
#365=ORIENTED_EDGE('',*,*,#690,.T.);
#366=ORIENTED_EDGE('',*,*,#688,.F.);
#367=ORIENTED_EDGE('',*,*,#580,.T.);
#368=ORIENTED_EDGE('',*,*,#699,.F.);
#369=ORIENTED_EDGE('',*,*,#699,.T.);
#370=ORIENTED_EDGE('',*,*,#700,.F.);
#371=ORIENTED_EDGE('',*,*,#700,.T.);
#372=ORIENTED_EDGE('',*,*,#694,.F.);
#373=ORIENTED_EDGE('',*,*,#579,.T.);
#374=ORIENTED_EDGE('',*,*,#701,.F.);
#375=ORIENTED_EDGE('',*,*,#701,.T.);
#376=ORIENTED_EDGE('',*,*,#702,.F.);
#377=ORIENTED_EDGE('',*,*,#702,.T.);
#378=ORIENTED_EDGE('',*,*,#682,.F.);
#379=ORIENTED_EDGE('',*,*,#703,.T.);
#380=ORIENTED_EDGE('',*,*,#704,.T.);
#381=ORIENTED_EDGE('',*,*,#627,.F.);
#382=ORIENTED_EDGE('',*,*,#697,.F.);
#383=ORIENTED_EDGE('',*,*,#575,.F.);
#384=ORIENTED_EDGE('',*,*,#629,.F.);
#385=ORIENTED_EDGE('',*,*,#705,.T.);
#386=ORIENTED_EDGE('',*,*,#706,.T.);
#387=ORIENTED_EDGE('',*,*,#601,.F.);
#388=ORIENTED_EDGE('',*,*,#684,.F.);
#389=ORIENTED_EDGE('',*,*,#612,.F.);
#390=ORIENTED_EDGE('',*,*,#707,.T.);
#391=ORIENTED_EDGE('',*,*,#708,.F.);
#392=ORIENTED_EDGE('',*,*,#577,.F.);
#393=ORIENTED_EDGE('',*,*,#696,.F.);
#394=ORIENTED_EDGE('',*,*,#708,.T.);
#395=ORIENTED_EDGE('',*,*,#709,.T.);
#396=ORIENTED_EDGE('',*,*,#570,.F.);
#397=ORIENTED_EDGE('',*,*,#710,.F.);
#398=ORIENTED_EDGE('',*,*,#578,.F.);
#399=ORIENTED_EDGE('',*,*,#559,.F.);
#400=ORIENTED_EDGE('',*,*,#711,.T.);
#401=ORIENTED_EDGE('',*,*,#573,.F.);
#402=ORIENTED_EDGE('',*,*,#710,.T.);
#403=ORIENTED_EDGE('',*,*,#712,.F.);
#404=ORIENTED_EDGE('',*,*,#713,.T.);
#405=ORIENTED_EDGE('',*,*,#610,.F.);
#406=ORIENTED_EDGE('',*,*,#685,.F.);
#407=ORIENTED_EDGE('',*,*,#605,.F.);
#408=ORIENTED_EDGE('',*,*,#572,.F.);
#409=ORIENTED_EDGE('',*,*,#714,.T.);
#410=ORIENTED_EDGE('',*,*,#712,.T.);
#411=ORIENTED_EDGE('',*,*,#604,.F.);
#412=ORIENTED_EDGE('',*,*,#715,.F.);
#413=ORIENTED_EDGE('',*,*,#603,.F.);
#414=ORIENTED_EDGE('',*,*,#716,.T.);
#415=ORIENTED_EDGE('',*,*,#561,.F.);
#416=ORIENTED_EDGE('',*,*,#715,.T.);
#417=ORIENTED_EDGE('',*,*,#711,.F.);
#418=ORIENTED_EDGE('',*,*,#619,.F.);
#419=ORIENTED_EDGE('',*,*,#717,.F.);
#420=ORIENTED_EDGE('',*,*,#703,.F.);
#421=ORIENTED_EDGE('',*,*,#574,.F.);
#422=ORIENTED_EDGE('',*,*,#602,.F.);
#423=ORIENTED_EDGE('',*,*,#706,.F.);
#424=ORIENTED_EDGE('',*,*,#718,.F.);
#425=ORIENTED_EDGE('',*,*,#617,.F.);
#426=ORIENTED_EDGE('',*,*,#716,.F.);
#427=ORIENTED_EDGE('',*,*,#717,.T.);
#428=ORIENTED_EDGE('',*,*,#618,.F.);
#429=ORIENTED_EDGE('',*,*,#718,.T.);
#430=ORIENTED_EDGE('',*,*,#705,.F.);
#431=ORIENTED_EDGE('',*,*,#628,.F.);
#432=ORIENTED_EDGE('',*,*,#704,.F.);
#433=ORIENTED_EDGE('',*,*,#714,.F.);
#434=ORIENTED_EDGE('',*,*,#571,.F.);
#435=ORIENTED_EDGE('',*,*,#709,.F.);
#436=ORIENTED_EDGE('',*,*,#707,.F.);
#437=ORIENTED_EDGE('',*,*,#611,.F.);
#438=ORIENTED_EDGE('',*,*,#713,.F.);
#439=ORIENTED_EDGE('',*,*,#667,.F.);
#440=ORIENTED_EDGE('',*,*,#540,.F.);
#441=ORIENTED_EDGE('',*,*,#641,.F.);
#442=ORIENTED_EDGE('',*,*,#551,.F.);
#443=ORIENTED_EDGE('',*,*,#668,.F.);
#444=ORIENTED_EDGE('',*,*,#553,.F.);
#445=ORIENTED_EDGE('',*,*,#644,.F.);
#446=ORIENTED_EDGE('',*,*,#545,.F.);
#447=ORIENTED_EDGE('',*,*,#669,.F.);
#448=ORIENTED_EDGE('',*,*,#548,.F.);
#449=ORIENTED_EDGE('',*,*,#529,.F.);
#450=ORIENTED_EDGE('',*,*,#555,.F.);
#451=ORIENTED_EDGE('',*,*,#531,.T.);
#452=ORIENTED_EDGE('',*,*,#547,.F.);
#453=ORIENTED_EDGE('',*,*,#643,.F.);
#454=ORIENTED_EDGE('',*,*,#638,.F.);
#455=ORIENTED_EDGE('',*,*,#670,.F.);
#456=ORIENTED_EDGE('',*,*,#557,.F.);
#457=ORIENTED_EDGE('',*,*,#537,.F.);
#458=ORIENTED_EDGE('',*,*,#542,.F.);
#459=ORIENTED_EDGE('',*,*,#535,.T.);
#460=ORIENTED_EDGE('',*,*,#640,.F.);
#461=ORIENTED_EDGE('',*,*,#642,.F.);
#462=ORIENTED_EDGE('',*,*,#543,.F.);
#463=ORIENTED_EDGE('',*,*,#648,.T.);
#464=ORIENTED_EDGE('',*,*,#533,.T.);
#465=ORIENTED_EDGE('',*,*,#616,.T.);
#466=ORIENTED_EDGE('',*,*,#646,.F.);
#467=ORIENTED_EDGE('',*,*,#647,.T.);
#468=ORIENTED_EDGE('',*,*,#527,.T.);
#469=ORIENTED_EDGE('',*,*,#615,.T.);
#470=ORIENTED_EDGE('',*,*,#645,.F.);
#471=ORIENTED_EDGE('',*,*,#590,.F.);
#472=ORIENTED_EDGE('',*,*,#624,.F.);
#473=ORIENTED_EDGE('',*,*,#683,.F.);
#474=ORIENTED_EDGE('',*,*,#680,.F.);
#475=ORIENTED_EDGE('',*,*,#594,.F.);
#476=ORIENTED_EDGE('',*,*,#679,.F.);
#477=ORIENTED_EDGE('',*,*,#686,.F.);
#478=ORIENTED_EDGE('',*,*,#608,.F.);
#479=ORIENTED_EDGE('',*,*,#596,.F.);
#480=ORIENTED_EDGE('',*,*,#614,.F.);
#481=ORIENTED_EDGE('',*,*,#695,.F.);
#482=ORIENTED_EDGE('',*,*,#692,.F.);
#483=ORIENTED_EDGE('',*,*,#600,.F.);
#484=ORIENTED_EDGE('',*,*,#691,.F.);
#485=ORIENTED_EDGE('',*,*,#698,.F.);
#486=ORIENTED_EDGE('',*,*,#625,.F.);
#487=ORIENTED_EDGE('',*,*,#671,.F.);
#488=ORIENTED_EDGE('',*,*,#661,.F.);
#489=ORIENTED_EDGE('',*,*,#584,.F.);
#490=ORIENTED_EDGE('',*,*,#665,.F.);
#491=ORIENTED_EDGE('',*,*,#672,.F.);
#492=ORIENTED_EDGE('',*,*,#666,.F.);
#493=ORIENTED_EDGE('',*,*,#582,.F.);
#494=ORIENTED_EDGE('',*,*,#656,.F.);
#495=ORIENTED_EDGE('',*,*,#674,.F.);
#496=ORIENTED_EDGE('',*,*,#658,.F.);
#497=ORIENTED_EDGE('',*,*,#586,.F.);
#498=ORIENTED_EDGE('',*,*,#663,.F.);
#499=ORIENTED_EDGE('',*,*,#673,.F.);
#500=ORIENTED_EDGE('',*,*,#657,.F.);
#501=ORIENTED_EDGE('',*,*,#588,.F.);
#502=ORIENTED_EDGE('',*,*,#660,.F.);
#503=EDGE_CURVE('',#719,#720,#865,.T.);
#504=EDGE_CURVE('',#719,#721,#866,.T.);
#505=EDGE_CURVE('',#721,#722,#867,.T.);
#506=EDGE_CURVE('',#722,#720,#868,.T.);
#507=EDGE_CURVE('',#723,#724,#869,.T.);
#508=EDGE_CURVE('',#724,#725,#870,.T.);
#509=EDGE_CURVE('',#726,#725,#871,.T.);
#510=EDGE_CURVE('',#726,#723,#872,.T.);
#511=EDGE_CURVE('',#727,#728,#873,.T.);
#512=EDGE_CURVE('',#727,#729,#874,.T.);
#513=EDGE_CURVE('',#729,#730,#875,.T.);
#514=EDGE_CURVE('',#730,#728,#876,.T.);
#515=EDGE_CURVE('',#731,#732,#877,.T.);
#516=EDGE_CURVE('',#732,#733,#878,.T.);
#517=EDGE_CURVE('',#734,#733,#879,.T.);
#518=EDGE_CURVE('',#734,#731,#880,.T.);
#519=EDGE_CURVE('',#733,#727,#881,.F.);
#520=EDGE_CURVE('',#728,#724,#882,.T.);
#521=EDGE_CURVE('',#723,#722,#883,.F.);
#522=EDGE_CURVE('',#721,#734,#884,.T.);
#523=EDGE_CURVE('',#729,#732,#885,.F.);
#524=EDGE_CURVE('',#731,#719,#886,.T.);
#525=EDGE_CURVE('',#720,#726,#887,.F.);
#526=EDGE_CURVE('',#725,#730,#888,.T.);
#527=EDGE_CURVE('',#735,#736,#65,.T.);
#528=EDGE_CURVE('',#737,#735,#889,.T.);
#529=EDGE_CURVE('',#737,#738,#890,.T.);
#530=EDGE_CURVE('',#739,#738,#891,.T.);
#531=EDGE_CURVE('',#740,#739,#892,.F.);
#532=EDGE_CURVE('',#736,#740,#893,.T.);
#533=EDGE_CURVE('',#741,#742,#66,.F.);
#534=EDGE_CURVE('',#743,#741,#894,.T.);
#535=EDGE_CURVE('',#744,#743,#895,.F.);
#536=EDGE_CURVE('',#745,#744,#896,.T.);
#537=EDGE_CURVE('',#745,#746,#897,.T.);
#538=EDGE_CURVE('',#742,#746,#898,.T.);
#539=EDGE_CURVE('',#747,#748,#899,.T.);
#540=EDGE_CURVE('',#747,#749,#900,.T.);
#541=EDGE_CURVE('',#749,#750,#901,.T.);
#542=EDGE_CURVE('',#750,#745,#902,.T.);
#543=EDGE_CURVE('',#744,#748,#903,.T.);
#544=EDGE_CURVE('',#751,#752,#904,.T.);
#545=EDGE_CURVE('',#751,#753,#905,.T.);
#546=EDGE_CURVE('',#753,#754,#906,.T.);
#547=EDGE_CURVE('',#754,#739,#907,.T.);
#548=EDGE_CURVE('',#738,#752,#908,.T.);
#549=EDGE_CURVE('',#755,#755,#29,.F.);
#550=EDGE_CURVE('',#756,#757,#909,.T.);
#551=EDGE_CURVE('',#757,#758,#910,.T.);
#552=EDGE_CURVE('',#759,#758,#911,.T.);
#553=EDGE_CURVE('',#759,#756,#912,.T.);
#554=EDGE_CURVE('',#760,#761,#913,.T.);
#555=EDGE_CURVE('',#760,#737,#914,.T.);
#556=EDGE_CURVE('',#746,#737,#915,.T.);
#557=EDGE_CURVE('',#746,#761,#916,.T.);
#558=EDGE_CURVE('',#762,#763,#917,.T.);
#559=EDGE_CURVE('',#762,#764,#918,.T.);
#560=EDGE_CURVE('',#765,#764,#919,.T.);
#561=EDGE_CURVE('',#765,#766,#920,.T.);
#562=EDGE_CURVE('',#767,#766,#921,.T.);
#563=EDGE_CURVE('',#767,#768,#30,.T.);
#564=EDGE_CURVE('',#768,#769,#922,.T.);
#565=EDGE_CURVE('',#769,#770,#31,.T.);
#566=EDGE_CURVE('',#770,#771,#923,.T.);
#567=EDGE_CURVE('',#771,#772,#32,.T.);
#568=EDGE_CURVE('',#773,#772,#924,.T.);
#569=EDGE_CURVE('',#773,#763,#33,.T.);
#570=EDGE_CURVE('',#764,#774,#925,.T.);
#571=EDGE_CURVE('',#774,#775,#926,.T.);
#572=EDGE_CURVE('',#775,#765,#927,.T.);
#573=EDGE_CURVE('',#776,#777,#928,.T.);
#574=EDGE_CURVE('',#777,#778,#929,.T.);
#575=EDGE_CURVE('',#778,#779,#930,.T.);
#576=EDGE_CURVE('',#780,#779,#931,.T.);
#577=EDGE_CURVE('',#780,#781,#932,.T.);
#578=EDGE_CURVE('',#781,#776,#933,.T.);
#579=EDGE_CURVE('',#782,#782,#34,.T.);
#580=EDGE_CURVE('',#783,#783,#35,.T.);
#581=EDGE_CURVE('',#784,#785,#934,.T.);
#582=EDGE_CURVE('',#784,#786,#935,.T.);
#583=EDGE_CURVE('',#786,#787,#936,.T.);
#584=EDGE_CURVE('',#787,#788,#937,.F.);
#585=EDGE_CURVE('',#788,#789,#938,.T.);
#586=EDGE_CURVE('',#789,#790,#939,.T.);
#587=EDGE_CURVE('',#791,#790,#940,.T.);
#588=EDGE_CURVE('',#791,#785,#941,.F.);
#589=EDGE_CURVE('',#792,#793,#942,.T.);
#590=EDGE_CURVE('',#792,#794,#36,.T.);
#591=EDGE_CURVE('',#794,#795,#943,.T.);
#592=EDGE_CURVE('',#796,#795,#37,.T.);
#593=EDGE_CURVE('',#797,#796,#944,.T.);
#594=EDGE_CURVE('',#797,#798,#38,.T.);
#595=EDGE_CURVE('',#798,#799,#945,.T.);
#596=EDGE_CURVE('',#799,#800,#39,.T.);
#597=EDGE_CURVE('',#800,#801,#946,.T.);
#598=EDGE_CURVE('',#801,#802,#40,.T.);
#599=EDGE_CURVE('',#803,#802,#947,.T.);
#600=EDGE_CURVE('',#803,#793,#41,.T.);
#601=EDGE_CURVE('',#804,#805,#948,.T.);
#602=EDGE_CURVE('',#805,#806,#949,.T.);
#603=EDGE_CURVE('',#806,#807,#950,.T.);
#604=EDGE_CURVE('',#807,#808,#951,.T.);
#605=EDGE_CURVE('',#808,#809,#952,.T.);
#606=EDGE_CURVE('',#809,#804,#953,.T.);
#607=EDGE_CURVE('',#810,#810,#42,.T.);
#608=EDGE_CURVE('',#798,#811,#954,.T.);
#609=EDGE_CURVE('',#811,#812,#955,.T.);
#610=EDGE_CURVE('',#812,#813,#956,.T.);
#611=EDGE_CURVE('',#813,#814,#957,.T.);
#612=EDGE_CURVE('',#814,#815,#958,.T.);
#613=EDGE_CURVE('',#815,#816,#959,.T.);
#614=EDGE_CURVE('',#816,#799,#960,.F.);
#615=EDGE_CURVE('',#817,#817,#43,.T.);
#616=EDGE_CURVE('',#818,#818,#44,.T.);
#617=EDGE_CURVE('',#766,#819,#961,.T.);
#618=EDGE_CURVE('',#819,#820,#962,.T.);
#619=EDGE_CURVE('',#820,#762,#963,.T.);
#620=EDGE_CURVE('',#763,#821,#964,.T.);
#621=EDGE_CURVE('',#821,#822,#965,.T.);
#622=EDGE_CURVE('',#822,#767,#966,.F.);
#623=EDGE_CURVE('',#823,#824,#967,.T.);
#624=EDGE_CURVE('',#824,#792,#968,.F.);
#625=EDGE_CURVE('',#793,#825,#969,.T.);
#626=EDGE_CURVE('',#825,#826,#970,.T.);
#627=EDGE_CURVE('',#826,#827,#971,.T.);
#628=EDGE_CURVE('',#827,#828,#972,.T.);
#629=EDGE_CURVE('',#828,#823,#973,.T.);
#630=EDGE_CURVE('',#829,#830,#974,.T.);
#631=EDGE_CURVE('',#829,#831,#45,.F.);
#632=EDGE_CURVE('',#831,#832,#975,.T.);
#633=EDGE_CURVE('',#832,#833,#46,.F.);
#634=EDGE_CURVE('',#833,#834,#976,.T.);
#635=EDGE_CURVE('',#834,#822,#47,.F.);
#636=EDGE_CURVE('',#821,#830,#48,.F.);
#637=EDGE_CURVE('',#743,#740,#977,.T.);
#638=EDGE_CURVE('',#740,#835,#978,.T.);
#639=EDGE_CURVE('',#835,#836,#979,.T.);
#640=EDGE_CURVE('',#836,#743,#980,.T.);
#641=EDGE_CURVE('',#758,#747,#981,.F.);
#642=EDGE_CURVE('',#748,#836,#982,.T.);
#643=EDGE_CURVE('',#835,#754,#983,.F.);
#644=EDGE_CURVE('',#753,#759,#984,.T.);
#645=EDGE_CURVE('',#837,#837,#49,.T.);
#646=EDGE_CURVE('',#838,#838,#50,.T.);
#647=EDGE_CURVE('',#736,#735,#51,.T.);
#648=EDGE_CURVE('',#742,#741,#52,.T.);
#649=EDGE_CURVE('',#772,#829,#985,.T.);
#650=EDGE_CURVE('',#830,#773,#986,.F.);
#651=EDGE_CURVE('',#770,#832,#987,.T.);
#652=EDGE_CURVE('',#831,#771,#988,.F.);
#653=EDGE_CURVE('',#833,#769,#989,.F.);
#654=EDGE_CURVE('',#768,#834,#990,.T.);
#655=EDGE_CURVE('',#839,#840,#991,.T.);
#656=EDGE_CURVE('',#839,#784,#992,.T.);
#657=EDGE_CURVE('',#785,#840,#993,.T.);
#658=EDGE_CURVE('',#790,#841,#994,.T.);
#659=EDGE_CURVE('',#842,#841,#995,.T.);
#660=EDGE_CURVE('',#842,#791,#996,.T.);
#661=EDGE_CURVE('',#788,#843,#997,.T.);
#662=EDGE_CURVE('',#843,#844,#998,.T.);
#663=EDGE_CURVE('',#844,#789,#999,.T.);
#664=EDGE_CURVE('',#845,#846,#1000,.T.);
#665=EDGE_CURVE('',#846,#787,#1001,.T.);
#666=EDGE_CURVE('',#786,#845,#1002,.T.);
#667=EDGE_CURVE('',#749,#757,#1003,.F.);
#668=EDGE_CURVE('',#756,#751,#1004,.T.);
#669=EDGE_CURVE('',#752,#760,#1005,.T.);
#670=EDGE_CURVE('',#761,#750,#1006,.F.);
#671=EDGE_CURVE('',#843,#846,#1007,.F.);
#672=EDGE_CURVE('',#845,#839,#1008,.T.);
#673=EDGE_CURVE('',#840,#842,#1009,.F.);
#674=EDGE_CURVE('',#841,#844,#1010,.T.);
#675=EDGE_CURVE('',#847,#795,#1011,.T.);
#676=EDGE_CURVE('',#848,#847,#53,.T.);
#677=EDGE_CURVE('',#848,#796,#1012,.T.);
#678=EDGE_CURVE('',#849,#848,#1013,.T.);
#679=EDGE_CURVE('',#849,#797,#1014,.F.);
#680=EDGE_CURVE('',#794,#850,#1015,.T.);
#681=EDGE_CURVE('',#850,#847,#1016,.T.);
#682=EDGE_CURVE('',#851,#851,#54,.T.);
#683=EDGE_CURVE('',#850,#824,#55,.F.);
#684=EDGE_CURVE('',#823,#804,#1017,.T.);
#685=EDGE_CURVE('',#809,#812,#1018,.T.);
#686=EDGE_CURVE('',#811,#849,#56,.F.);
#687=EDGE_CURVE('',#852,#801,#1019,.T.);
#688=EDGE_CURVE('',#852,#853,#57,.T.);
#689=EDGE_CURVE('',#853,#802,#1020,.T.);
#690=EDGE_CURVE('',#854,#853,#1021,.T.);
#691=EDGE_CURVE('',#854,#803,#1022,.F.);
#692=EDGE_CURVE('',#800,#855,#1023,.T.);
#693=EDGE_CURVE('',#855,#852,#1024,.T.);
#694=EDGE_CURVE('',#856,#856,#58,.T.);
#695=EDGE_CURVE('',#855,#816,#59,.F.);
#696=EDGE_CURVE('',#815,#780,#1025,.F.);
#697=EDGE_CURVE('',#779,#826,#1026,.F.);
#698=EDGE_CURVE('',#825,#854,#60,.F.);
#699=EDGE_CURVE('',#857,#857,#61,.T.);
#700=EDGE_CURVE('',#858,#858,#62,.T.);
#701=EDGE_CURVE('',#859,#859,#63,.T.);
#702=EDGE_CURVE('',#860,#860,#64,.T.);
#703=EDGE_CURVE('',#778,#861,#1027,.F.);
#704=EDGE_CURVE('',#861,#827,#1028,.F.);
#705=EDGE_CURVE('',#828,#862,#1029,.T.);
#706=EDGE_CURVE('',#862,#805,#1030,.F.);
#707=EDGE_CURVE('',#814,#863,#1031,.F.);
#708=EDGE_CURVE('',#781,#863,#1032,.T.);
#709=EDGE_CURVE('',#863,#774,#1033,.T.);
#710=EDGE_CURVE('',#776,#764,#1034,.F.);
#711=EDGE_CURVE('',#762,#777,#1035,.T.);
#712=EDGE_CURVE('',#864,#808,#1036,.T.);
#713=EDGE_CURVE('',#864,#813,#1037,.T.);
#714=EDGE_CURVE('',#775,#864,#1038,.F.);
#715=EDGE_CURVE('',#765,#807,#1039,.F.);
#716=EDGE_CURVE('',#806,#766,#1040,.T.);
#717=EDGE_CURVE('',#861,#820,#1041,.F.);
#718=EDGE_CURVE('',#819,#862,#1042,.F.);
#719=VERTEX_POINT('',#2158);
#720=VERTEX_POINT('',#2159);
#721=VERTEX_POINT('',#2161);
#722=VERTEX_POINT('',#2163);
#723=VERTEX_POINT('',#2167);
#724=VERTEX_POINT('',#2168);
#725=VERTEX_POINT('',#2170);
#726=VERTEX_POINT('',#2172);
#727=VERTEX_POINT('',#2176);
#728=VERTEX_POINT('',#2177);
#729=VERTEX_POINT('',#2179);
#730=VERTEX_POINT('',#2181);
#731=VERTEX_POINT('',#2185);
#732=VERTEX_POINT('',#2186);
#733=VERTEX_POINT('',#2188);
#734=VERTEX_POINT('',#2190);
#735=VERTEX_POINT('',#2209);
#736=VERTEX_POINT('',#2210);
#737=VERTEX_POINT('',#2212);
#738=VERTEX_POINT('',#2214);
#739=VERTEX_POINT('',#2216);
#740=VERTEX_POINT('',#2218);
#741=VERTEX_POINT('',#2222);
#742=VERTEX_POINT('',#2223);
#743=VERTEX_POINT('',#2225);
#744=VERTEX_POINT('',#2227);
#745=VERTEX_POINT('',#2229);
#746=VERTEX_POINT('',#2231);
#747=VERTEX_POINT('',#2235);
#748=VERTEX_POINT('',#2236);
#749=VERTEX_POINT('',#2238);
#750=VERTEX_POINT('',#2240);
#751=VERTEX_POINT('',#2245);
#752=VERTEX_POINT('',#2246);
#753=VERTEX_POINT('',#2248);
#754=VERTEX_POINT('',#2250);
#755=VERTEX_POINT('',#2255);
#756=VERTEX_POINT('',#2257);
#757=VERTEX_POINT('',#2258);
#758=VERTEX_POINT('',#2260);
#759=VERTEX_POINT('',#2262);
#760=VERTEX_POINT('',#2266);
#761=VERTEX_POINT('',#2267);
#762=VERTEX_POINT('',#2273);
#763=VERTEX_POINT('',#2274);
#764=VERTEX_POINT('',#2276);
#765=VERTEX_POINT('',#2278);
#766=VERTEX_POINT('',#2280);
#767=VERTEX_POINT('',#2282);
#768=VERTEX_POINT('',#2284);
#769=VERTEX_POINT('',#2286);
#770=VERTEX_POINT('',#2288);
#771=VERTEX_POINT('',#2290);
#772=VERTEX_POINT('',#2292);
#773=VERTEX_POINT('',#2294);
#774=VERTEX_POINT('',#2298);
#775=VERTEX_POINT('',#2300);
#776=VERTEX_POINT('',#2304);
#777=VERTEX_POINT('',#2305);
#778=VERTEX_POINT('',#2307);
#779=VERTEX_POINT('',#2309);
#780=VERTEX_POINT('',#2311);
#781=VERTEX_POINT('',#2313);
#782=VERTEX_POINT('',#2317);
#783=VERTEX_POINT('',#2319);
#784=VERTEX_POINT('',#2321);
#785=VERTEX_POINT('',#2322);
#786=VERTEX_POINT('',#2324);
#787=VERTEX_POINT('',#2326);
#788=VERTEX_POINT('',#2328);
#789=VERTEX_POINT('',#2330);
#790=VERTEX_POINT('',#2332);
#791=VERTEX_POINT('',#2334);
#792=VERTEX_POINT('',#2337);
#793=VERTEX_POINT('',#2338);
#794=VERTEX_POINT('',#2340);
#795=VERTEX_POINT('',#2342);
#796=VERTEX_POINT('',#2344);
#797=VERTEX_POINT('',#2346);
#798=VERTEX_POINT('',#2348);
#799=VERTEX_POINT('',#2350);
#800=VERTEX_POINT('',#2352);
#801=VERTEX_POINT('',#2354);
#802=VERTEX_POINT('',#2356);
#803=VERTEX_POINT('',#2358);
#804=VERTEX_POINT('',#2362);
#805=VERTEX_POINT('',#2363);
#806=VERTEX_POINT('',#2365);
#807=VERTEX_POINT('',#2367);
#808=VERTEX_POINT('',#2369);
#809=VERTEX_POINT('',#2371);
#810=VERTEX_POINT('',#2375);
#811=VERTEX_POINT('',#2377);
#812=VERTEX_POINT('',#2379);
#813=VERTEX_POINT('',#2381);
#814=VERTEX_POINT('',#2383);
#815=VERTEX_POINT('',#2385);
#816=VERTEX_POINT('',#2387);
#817=VERTEX_POINT('',#2391);
#818=VERTEX_POINT('',#2393);
#819=VERTEX_POINT('',#2395);
#820=VERTEX_POINT('',#2397);
#821=VERTEX_POINT('',#2400);
#822=VERTEX_POINT('',#2402);
#823=VERTEX_POINT('',#2406);
#824=VERTEX_POINT('',#2407);
#825=VERTEX_POINT('',#2410);
#826=VERTEX_POINT('',#2412);
#827=VERTEX_POINT('',#2414);
#828=VERTEX_POINT('',#2416);
#829=VERTEX_POINT('',#2420);
#830=VERTEX_POINT('',#2421);
#831=VERTEX_POINT('',#2423);
#832=VERTEX_POINT('',#2425);
#833=VERTEX_POINT('',#2427);
#834=VERTEX_POINT('',#2429);
#835=VERTEX_POINT('',#2434);
#836=VERTEX_POINT('',#2436);
#837=VERTEX_POINT('',#2445);
#838=VERTEX_POINT('',#2447);
#839=VERTEX_POINT('',#2466);
#840=VERTEX_POINT('',#2467);
#841=VERTEX_POINT('',#2472);
#842=VERTEX_POINT('',#2474);
#843=VERTEX_POINT('',#2478);
#844=VERTEX_POINT('',#2480);
#845=VERTEX_POINT('',#2484);
#846=VERTEX_POINT('',#2485);
#847=VERTEX_POINT('',#2499);
#848=VERTEX_POINT('',#2501);
#849=VERTEX_POINT('',#2505);
#850=VERTEX_POINT('',#2509);
#851=VERTEX_POINT('',#2513);
#852=VERTEX_POINT('',#2520);
#853=VERTEX_POINT('',#2522);
#854=VERTEX_POINT('',#2526);
#855=VERTEX_POINT('',#2530);
#856=VERTEX_POINT('',#2534);
#857=VERTEX_POINT('',#2541);
#858=VERTEX_POINT('',#2544);
#859=VERTEX_POINT('',#2548);
#860=VERTEX_POINT('',#2551);
#861=VERTEX_POINT('',#2555);
#862=VERTEX_POINT('',#2559);
#863=VERTEX_POINT('',#2563);
#864=VERTEX_POINT('',#2572);
#865=LINE('',#2157,#1043);
#866=LINE('',#2160,#1044);
#867=LINE('',#2162,#1045);
#868=LINE('',#2164,#1046);
#869=LINE('',#2166,#1047);
#870=LINE('',#2169,#1048);
#871=LINE('',#2171,#1049);
#872=LINE('',#2173,#1050);
#873=LINE('',#2175,#1051);
#874=LINE('',#2178,#1052);
#875=LINE('',#2180,#1053);
#876=LINE('',#2182,#1054);
#877=LINE('',#2184,#1055);
#878=LINE('',#2187,#1056);
#879=LINE('',#2189,#1057);
#880=LINE('',#2191,#1058);
#881=LINE('',#2193,#1059);
#882=LINE('',#2194,#1060);
#883=LINE('',#2195,#1061);
#884=LINE('',#2196,#1062);
#885=LINE('',#2198,#1063);
#886=LINE('',#2199,#1064);
#887=LINE('',#2200,#1065);
#888=LINE('',#2201,#1066);
#889=LINE('',#2211,#1067);
#890=LINE('',#2213,#1068);
#891=LINE('',#2215,#1069);
#892=LINE('',#2217,#1070);
#893=LINE('',#2219,#1071);
#894=LINE('',#2224,#1072);
#895=LINE('',#2226,#1073);
#896=LINE('',#2228,#1074);
#897=LINE('',#2230,#1075);
#898=LINE('',#2232,#1076);
#899=LINE('',#2234,#1077);
#900=LINE('',#2237,#1078);
#901=LINE('',#2239,#1079);
#902=LINE('',#2241,#1080);
#903=LINE('',#2242,#1081);
#904=LINE('',#2244,#1082);
#905=LINE('',#2247,#1083);
#906=LINE('',#2249,#1084);
#907=LINE('',#2251,#1085);
#908=LINE('',#2252,#1086);
#909=LINE('',#2256,#1087);
#910=LINE('',#2259,#1088);
#911=LINE('',#2261,#1089);
#912=LINE('',#2263,#1090);
#913=LINE('',#2265,#1091);
#914=LINE('',#2268,#1092);
#915=LINE('',#2269,#1093);
#916=LINE('',#2270,#1094);
#917=LINE('',#2272,#1095);
#918=LINE('',#2275,#1096);
#919=LINE('',#2277,#1097);
#920=LINE('',#2279,#1098);
#921=LINE('',#2281,#1099);
#922=LINE('',#2285,#1100);
#923=LINE('',#2289,#1101);
#924=LINE('',#2293,#1102);
#925=LINE('',#2297,#1103);
#926=LINE('',#2299,#1104);
#927=LINE('',#2301,#1105);
#928=LINE('',#2303,#1106);
#929=LINE('',#2306,#1107);
#930=LINE('',#2308,#1108);
#931=LINE('',#2310,#1109);
#932=LINE('',#2312,#1110);
#933=LINE('',#2314,#1111);
#934=LINE('',#2320,#1112);
#935=LINE('',#2323,#1113);
#936=LINE('',#2325,#1114);
#937=LINE('',#2327,#1115);
#938=LINE('',#2329,#1116);
#939=LINE('',#2331,#1117);
#940=LINE('',#2333,#1118);
#941=LINE('',#2335,#1119);
#942=LINE('',#2336,#1120);
#943=LINE('',#2341,#1121);
#944=LINE('',#2345,#1122);
#945=LINE('',#2349,#1123);
#946=LINE('',#2353,#1124);
#947=LINE('',#2357,#1125);
#948=LINE('',#2361,#1126);
#949=LINE('',#2364,#1127);
#950=LINE('',#2366,#1128);
#951=LINE('',#2368,#1129);
#952=LINE('',#2370,#1130);
#953=LINE('',#2372,#1131);
#954=LINE('',#2376,#1132);
#955=LINE('',#2378,#1133);
#956=LINE('',#2380,#1134);
#957=LINE('',#2382,#1135);
#958=LINE('',#2384,#1136);
#959=LINE('',#2386,#1137);
#960=LINE('',#2388,#1138);
#961=LINE('',#2394,#1139);
#962=LINE('',#2396,#1140);
#963=LINE('',#2398,#1141);
#964=LINE('',#2399,#1142);
#965=LINE('',#2401,#1143);
#966=LINE('',#2403,#1144);
#967=LINE('',#2405,#1145);
#968=LINE('',#2408,#1146);
#969=LINE('',#2409,#1147);
#970=LINE('',#2411,#1148);
#971=LINE('',#2413,#1149);
#972=LINE('',#2415,#1150);
#973=LINE('',#2417,#1151);
#974=LINE('',#2419,#1152);
#975=LINE('',#2424,#1153);
#976=LINE('',#2428,#1154);
#977=LINE('',#2432,#1155);
#978=LINE('',#2433,#1156);
#979=LINE('',#2435,#1157);
#980=LINE('',#2437,#1158);
#981=LINE('',#2439,#1159);
#982=LINE('',#2440,#1160);
#983=LINE('',#2441,#1161);
#984=LINE('',#2442,#1162);
#985=LINE('',#2451,#1163);
#986=LINE('',#2452,#1164);
#987=LINE('',#2454,#1165);
#988=LINE('',#2455,#1166);
#989=LINE('',#2457,#1167);
#990=LINE('',#2458,#1168);
#991=LINE('',#2465,#1169);
#992=LINE('',#2468,#1170);
#993=LINE('',#2469,#1171);
#994=LINE('',#2471,#1172);
#995=LINE('',#2473,#1173);
#996=LINE('',#2475,#1174);
#997=LINE('',#2477,#1175);
#998=LINE('',#2479,#1176);
#999=LINE('',#2481,#1177);
#1000=LINE('',#2483,#1178);
#1001=LINE('',#2486,#1179);
#1002=LINE('',#2487,#1180);
#1003=LINE('',#2489,#1181);
#1004=LINE('',#2490,#1182);
#1005=LINE('',#2491,#1183);
#1006=LINE('',#2492,#1184);
#1007=LINE('',#2493,#1185);
#1008=LINE('',#2494,#1186);
#1009=LINE('',#2495,#1187);
#1010=LINE('',#2496,#1188);
#1011=LINE('',#2498,#1189);
#1012=LINE('',#2502,#1190);
#1013=LINE('',#2504,#1191);
#1014=LINE('',#2506,#1192);
#1015=LINE('',#2508,#1193);
#1016=LINE('',#2510,#1194);
#1017=LINE('',#2515,#1195);
#1018=LINE('',#2516,#1196);
#1019=LINE('',#2519,#1197);
#1020=LINE('',#2523,#1198);
#1021=LINE('',#2525,#1199);
#1022=LINE('',#2527,#1200);
#1023=LINE('',#2529,#1201);
#1024=LINE('',#2531,#1202);
#1025=LINE('',#2536,#1203);
#1026=LINE('',#2537,#1204);
#1027=LINE('',#2554,#1205);
#1028=LINE('',#2556,#1206);
#1029=LINE('',#2558,#1207);
#1030=LINE('',#2560,#1208);
#1031=LINE('',#2562,#1209);
#1032=LINE('',#2564,#1210);
#1033=LINE('',#2566,#1211);
#1034=LINE('',#2567,#1212);
#1035=LINE('',#2569,#1213);
#1036=LINE('',#2571,#1214);
#1037=LINE('',#2573,#1215);
#1038=LINE('',#2575,#1216);
#1039=LINE('',#2576,#1217);
#1040=LINE('',#2578,#1218);
#1041=LINE('',#2580,#1219);
#1042=LINE('',#2582,#1220);
#1043=VECTOR('',#1733,1.);
#1044=VECTOR('',#1734,1.);
#1045=VECTOR('',#1735,1.);
#1046=VECTOR('',#1736,1.);
#1047=VECTOR('',#1739,1.);
#1048=VECTOR('',#1740,1.);
#1049=VECTOR('',#1741,1.);
#1050=VECTOR('',#1742,1.);
#1051=VECTOR('',#1745,1.);
#1052=VECTOR('',#1746,1.);
#1053=VECTOR('',#1747,1.);
#1054=VECTOR('',#1748,1.);
#1055=VECTOR('',#1751,1.);
#1056=VECTOR('',#1752,1.);
#1057=VECTOR('',#1753,1.);
#1058=VECTOR('',#1754,1.);
#1059=VECTOR('',#1757,1.);
#1060=VECTOR('',#1758,1.);
#1061=VECTOR('',#1759,1.);
#1062=VECTOR('',#1760,1.);
#1063=VECTOR('',#1763,1.);
#1064=VECTOR('',#1764,1.);
#1065=VECTOR('',#1765,1.);
#1066=VECTOR('',#1766,1.);
#1067=VECTOR('',#1781,1.);
#1068=VECTOR('',#1782,1.);
#1069=VECTOR('',#1783,1.);
#1070=VECTOR('',#1784,1.);
#1071=VECTOR('',#1785,1.);
#1072=VECTOR('',#1790,1.);
#1073=VECTOR('',#1791,1.);
#1074=VECTOR('',#1792,1.);
#1075=VECTOR('',#1793,1.);
#1076=VECTOR('',#1794,1.);
#1077=VECTOR('',#1797,1.);
#1078=VECTOR('',#1798,1.);
#1079=VECTOR('',#1799,1.);
#1080=VECTOR('',#1800,1.);
#1081=VECTOR('',#1801,1.);
#1082=VECTOR('',#1804,1.);
#1083=VECTOR('',#1805,1.);
#1084=VECTOR('',#1806,1.);
#1085=VECTOR('',#1807,1.);
#1086=VECTOR('',#1808,1.);
#1087=VECTOR('',#1813,1.);
#1088=VECTOR('',#1814,1.);
#1089=VECTOR('',#1815,1.);
#1090=VECTOR('',#1816,1.);
#1091=VECTOR('',#1819,1.);
#1092=VECTOR('',#1820,1.);
#1093=VECTOR('',#1821,1.);
#1094=VECTOR('',#1822,1.);
#1095=VECTOR('',#1825,1.);
#1096=VECTOR('',#1826,1.);
#1097=VECTOR('',#1827,1.);
#1098=VECTOR('',#1828,1.);
#1099=VECTOR('',#1829,1.);
#1100=VECTOR('',#1832,1.);
#1101=VECTOR('',#1835,1.);
#1102=VECTOR('',#1838,1.);
#1103=VECTOR('',#1843,1.);
#1104=VECTOR('',#1844,1.);
#1105=VECTOR('',#1845,1.);
#1106=VECTOR('',#1848,1.);
#1107=VECTOR('',#1849,1.);
#1108=VECTOR('',#1850,1.);
#1109=VECTOR('',#1851,1.);
#1110=VECTOR('',#1852,1.);
#1111=VECTOR('',#1853,1.);
#1112=VECTOR('',#1860,1.);
#1113=VECTOR('',#1861,1.);
#1114=VECTOR('',#1862,1.);
#1115=VECTOR('',#1863,1.);
#1116=VECTOR('',#1864,1.);
#1117=VECTOR('',#1865,1.);
#1118=VECTOR('',#1866,1.);
#1119=VECTOR('',#1867,1.);
#1120=VECTOR('',#1868,1.);
#1121=VECTOR('',#1871,1.);
#1122=VECTOR('',#1874,1.);
#1123=VECTOR('',#1877,1.);
#1124=VECTOR('',#1880,1.);
#1125=VECTOR('',#1883,1.);
#1126=VECTOR('',#1888,1.);
#1127=VECTOR('',#1889,1.);
#1128=VECTOR('',#1890,1.);
#1129=VECTOR('',#1891,1.);
#1130=VECTOR('',#1892,1.);
#1131=VECTOR('',#1893,1.);
#1132=VECTOR('',#1898,1.);
#1133=VECTOR('',#1899,1.);
#1134=VECTOR('',#1900,1.);
#1135=VECTOR('',#1901,1.);
#1136=VECTOR('',#1902,1.);
#1137=VECTOR('',#1903,1.);
#1138=VECTOR('',#1904,1.);
#1139=VECTOR('',#1911,1.);
#1140=VECTOR('',#1912,1.);
#1141=VECTOR('',#1913,1.);
#1142=VECTOR('',#1914,1.);
#1143=VECTOR('',#1915,1.);
#1144=VECTOR('',#1916,1.);
#1145=VECTOR('',#1919,1.);
#1146=VECTOR('',#1920,1.);
#1147=VECTOR('',#1921,1.);
#1148=VECTOR('',#1922,1.);
#1149=VECTOR('',#1923,1.);
#1150=VECTOR('',#1924,1.);
#1151=VECTOR('',#1925,1.);
#1152=VECTOR('',#1928,1.);
#1153=VECTOR('',#1931,1.);
#1154=VECTOR('',#1934,1.);
#1155=VECTOR('',#1939,1.);
#1156=VECTOR('',#1940,1.);
#1157=VECTOR('',#1941,1.);
#1158=VECTOR('',#1942,1.);
#1159=VECTOR('',#1945,1.);
#1160=VECTOR('',#1946,1.);
#1161=VECTOR('',#1947,1.);
#1162=VECTOR('',#1948,1.);
#1163=VECTOR('',#1961,1.);
#1164=VECTOR('',#1962,1.);
#1165=VECTOR('',#1965,1.);
#1166=VECTOR('',#1966,1.);
#1167=VECTOR('',#1969,1.);
#1168=VECTOR('',#1970,1.);
#1169=VECTOR('',#1983,1.);
#1170=VECTOR('',#1984,1.);
#1171=VECTOR('',#1985,1.);
#1172=VECTOR('',#1988,1.);
#1173=VECTOR('',#1989,1.);
#1174=VECTOR('',#1990,1.);
#1175=VECTOR('',#1993,1.);
#1176=VECTOR('',#1994,1.);
#1177=VECTOR('',#1995,1.);
#1178=VECTOR('',#1998,1.);
#1179=VECTOR('',#1999,1.);
#1180=VECTOR('',#2000,1.);
#1181=VECTOR('',#2003,1.);
#1182=VECTOR('',#2004,1.);
#1183=VECTOR('',#2005,1.);
#1184=VECTOR('',#2006,1.);
#1185=VECTOR('',#2007,1.);
#1186=VECTOR('',#2008,1.);
#1187=VECTOR('',#2009,1.);
#1188=VECTOR('',#2010,1.);
#1189=VECTOR('',#2013,1.);
#1190=VECTOR('',#2016,1.);
#1191=VECTOR('',#2019,1.);
#1192=VECTOR('',#2020,1.);
#1193=VECTOR('',#2023,1.);
#1194=VECTOR('',#2024,1.);
#1195=VECTOR('',#2031,1.);
#1196=VECTOR('',#2032,1.);
#1197=VECTOR('',#2037,1.);
#1198=VECTOR('',#2040,1.);
#1199=VECTOR('',#2043,1.);
#1200=VECTOR('',#2044,1.);
#1201=VECTOR('',#2047,1.);
#1202=VECTOR('',#2048,1.);
#1203=VECTOR('',#2055,1.);
#1204=VECTOR('',#2056,1.);
#1205=VECTOR('',#2081,1.);
#1206=VECTOR('',#2082,1.);
#1207=VECTOR('',#2085,1.);
#1208=VECTOR('',#2086,1.);
#1209=VECTOR('',#2089,1.);
#1210=VECTOR('',#2090,1.);
#1211=VECTOR('',#2093,1.);
#1212=VECTOR('',#2094,1.);
#1213=VECTOR('',#2097,1.);
#1214=VECTOR('',#2100,1.);
#1215=VECTOR('',#2101,1.);
#1216=VECTOR('',#2104,1.);
#1217=VECTOR('',#2105,1.);
#1218=VECTOR('',#2108,1.);
#1219=VECTOR('',#2111,1.);
#1220=VECTOR('',#2114,1.);
#1221=EDGE_LOOP('',(#71,#72,#73,#74));
#1222=EDGE_LOOP('',(#75,#76,#77,#78));
#1223=EDGE_LOOP('',(#79,#80,#81,#82));
#1224=EDGE_LOOP('',(#83,#84,#85,#86));
#1225=EDGE_LOOP('',(#87,#88,#89,#90,#91,#92,#93,#94));
#1226=EDGE_LOOP('',(#95,#96,#97,#98,#99,#100,#101,#102));
#1227=EDGE_LOOP('',(#103,#104,#105,#106));
#1228=EDGE_LOOP('',(#107,#108,#109,#110));
#1229=EDGE_LOOP('',(#111,#112,#113,#114));
#1230=EDGE_LOOP('',(#115,#116,#117,#118));
#1231=EDGE_LOOP('',(#119,#120,#121,#122,#123,#124));
#1232=EDGE_LOOP('',(#125,#126,#127,#128,#129,#130));
#1233=EDGE_LOOP('',(#131,#132,#133,#134,#135,#136));
#1234=EDGE_LOOP('',(#137,#138,#139,#140,#141,#142));
#1235=EDGE_LOOP('',(#143));
#1236=EDGE_LOOP('',(#144,#145,#146,#147));
#1237=EDGE_LOOP('',(#148,#149,#150,#151));
#1238=EDGE_LOOP('',(#152,#153,#154,#155,#156,#157,#158,#159,#160,#161,#162,
#163));
#1239=EDGE_LOOP('',(#164,#165,#166,#167));
#1240=EDGE_LOOP('',(#168,#169,#170,#171,#172,#173));
#1241=EDGE_LOOP('',(#174));
#1242=EDGE_LOOP('',(#175));
#1243=EDGE_LOOP('',(#176,#177,#178,#179,#180,#181,#182,#183));
#1244=EDGE_LOOP('',(#184,#185,#186,#187,#188,#189,#190,#191,#192,#193,#194,
#195));
#1245=EDGE_LOOP('',(#196,#197,#198,#199,#200,#201));
#1246=EDGE_LOOP('',(#202));
#1247=EDGE_LOOP('',(#203,#204,#205,#206,#207,#208,#209,#210));
#1248=EDGE_LOOP('',(#211));
#1249=EDGE_LOOP('',(#212));
#1250=EDGE_LOOP('',(#213,#214,#215,#216,#217,#218,#219,#220));
#1251=EDGE_LOOP('',(#221,#222,#223,#224,#225,#226,#227,#228));
#1252=EDGE_LOOP('',(#229,#230,#231,#232,#233,#234,#235,#236));
#1253=EDGE_LOOP('',(#237,#238,#239,#240));
#1254=EDGE_LOOP('',(#241,#242,#243,#244,#245,#246,#247,#248));
#1255=EDGE_LOOP('',(#249));
#1256=EDGE_LOOP('',(#250));
#1257=EDGE_LOOP('',(#251,#252,#253,#254,#255,#256,#257,#258));
#1258=EDGE_LOOP('',(#259,#260,#261,#262));
#1259=EDGE_LOOP('',(#263,#264,#265,#266));
#1260=EDGE_LOOP('',(#267,#268,#269,#270));
#1261=EDGE_LOOP('',(#271,#272,#273,#274));
#1262=EDGE_LOOP('',(#275,#276,#277,#278));
#1263=EDGE_LOOP('',(#279,#280,#281,#282));
#1264=EDGE_LOOP('',(#283,#284,#285,#286));
#1265=EDGE_LOOP('',(#287));
#1266=EDGE_LOOP('',(#288));
#1267=EDGE_LOOP('',(#289,#290,#291,#292));
#1268=EDGE_LOOP('',(#293,#294,#295,#296));
#1269=EDGE_LOOP('',(#297,#298,#299,#300));
#1270=EDGE_LOOP('',(#301,#302,#303,#304));
#1271=EDGE_LOOP('',(#305,#306,#307,#308,#309,#310,#311,#312));
#1272=EDGE_LOOP('',(#313,#314,#315,#316,#317,#318,#319,#320));
#1273=EDGE_LOOP('',(#321,#322,#323,#324));
#1274=EDGE_LOOP('',(#325,#326,#327,#328));
#1275=EDGE_LOOP('',(#329,#330,#331,#332));
#1276=EDGE_LOOP('',(#333));
#1277=EDGE_LOOP('',(#334,#335,#336,#337,#338,#339,#340,#341,#342,#343));
#1278=EDGE_LOOP('',(#344,#345,#346,#347));
#1279=EDGE_LOOP('',(#348,#349,#350,#351));
#1280=EDGE_LOOP('',(#352,#353,#354,#355));
#1281=EDGE_LOOP('',(#356));
#1282=EDGE_LOOP('',(#357,#358,#359,#360,#361,#362,#363,#364,#365,#366));
#1283=EDGE_LOOP('',(#367));
#1284=EDGE_LOOP('',(#368));
#1285=EDGE_LOOP('',(#369));
#1286=EDGE_LOOP('',(#370));
#1287=EDGE_LOOP('',(#371));
#1288=EDGE_LOOP('',(#372));
#1289=EDGE_LOOP('',(#373));
#1290=EDGE_LOOP('',(#374));
#1291=EDGE_LOOP('',(#375));
#1292=EDGE_LOOP('',(#376));
#1293=EDGE_LOOP('',(#377));
#1294=EDGE_LOOP('',(#378));
#1295=EDGE_LOOP('',(#379,#380,#381,#382,#383));
#1296=EDGE_LOOP('',(#384,#385,#386,#387,#388));
#1297=EDGE_LOOP('',(#389,#390,#391,#392,#393));
#1298=EDGE_LOOP('',(#394,#395,#396,#397,#398));
#1299=EDGE_LOOP('',(#399,#400,#401,#402));
#1300=EDGE_LOOP('',(#403,#404,#405,#406,#407));
#1301=EDGE_LOOP('',(#408,#409,#410,#411,#412));
#1302=EDGE_LOOP('',(#413,#414,#415,#416));
#1303=EDGE_LOOP('',(#417,#418,#419,#420,#421));
#1304=EDGE_LOOP('',(#422,#423,#424,#425,#426));
#1305=EDGE_LOOP('',(#427,#428,#429,#430,#431,#432));
#1306=EDGE_LOOP('',(#433,#434,#435,#436,#437,#438));
#1307=EDGE_LOOP('',(#439,#440,#441,#442));
#1308=EDGE_LOOP('',(#443,#444,#445,#446));
#1309=EDGE_LOOP('',(#447,#448,#449,#450));
#1310=EDGE_LOOP('',(#451,#452,#453,#454));
#1311=EDGE_LOOP('',(#455,#456,#457,#458));
#1312=EDGE_LOOP('',(#459,#460,#461,#462));
#1313=EDGE_LOOP('',(#463,#464));
#1314=EDGE_LOOP('',(#465));
#1315=EDGE_LOOP('',(#466));
#1316=EDGE_LOOP('',(#467,#468));
#1317=EDGE_LOOP('',(#469));
#1318=EDGE_LOOP('',(#470));
#1319=EDGE_LOOP('',(#471,#472,#473,#474));
#1320=EDGE_LOOP('',(#475,#476,#477,#478));
#1321=EDGE_LOOP('',(#479,#480,#481,#482));
#1322=EDGE_LOOP('',(#483,#484,#485,#486));
#1323=EDGE_LOOP('',(#487,#488,#489,#490));
#1324=EDGE_LOOP('',(#491,#492,#493,#494));
#1325=EDGE_LOOP('',(#495,#496,#497,#498));
#1326=EDGE_LOOP('',(#499,#500,#501,#502));
#1327=FACE_BOUND('',#1221,.T.);
#1328=FACE_BOUND('',#1222,.T.);
#1329=FACE_BOUND('',#1223,.T.);
#1330=FACE_BOUND('',#1224,.T.);
#1331=FACE_BOUND('',#1225,.T.);
#1332=FACE_BOUND('',#1226,.T.);
#1333=FACE_BOUND('',#1227,.T.);
#1334=FACE_BOUND('',#1228,.T.);
#1335=FACE_BOUND('',#1229,.T.);
#1336=FACE_BOUND('',#1230,.T.);
#1337=FACE_BOUND('',#1231,.T.);
#1338=FACE_BOUND('',#1232,.T.);
#1339=FACE_BOUND('',#1233,.T.);
#1340=FACE_BOUND('',#1234,.T.);
#1341=FACE_BOUND('',#1235,.T.);
#1342=FACE_BOUND('',#1236,.T.);
#1343=FACE_BOUND('',#1237,.T.);
#1344=FACE_BOUND('',#1238,.T.);
#1345=FACE_BOUND('',#1239,.T.);
#1346=FACE_BOUND('',#1240,.T.);
#1347=FACE_BOUND('',#1241,.T.);
#1348=FACE_BOUND('',#1242,.T.);
#1349=FACE_BOUND('',#1243,.T.);
#1350=FACE_BOUND('',#1244,.T.);
#1351=FACE_BOUND('',#1245,.T.);
#1352=FACE_BOUND('',#1246,.T.);
#1353=FACE_BOUND('',#1247,.T.);
#1354=FACE_BOUND('',#1248,.T.);
#1355=FACE_BOUND('',#1249,.T.);
#1356=FACE_BOUND('',#1250,.T.);
#1357=FACE_BOUND('',#1251,.T.);
#1358=FACE_BOUND('',#1252,.T.);
#1359=FACE_BOUND('',#1253,.T.);
#1360=FACE_BOUND('',#1254,.T.);
#1361=FACE_BOUND('',#1255,.T.);
#1362=FACE_BOUND('',#1256,.T.);
#1363=FACE_BOUND('',#1257,.T.);
#1364=FACE_BOUND('',#1258,.T.);
#1365=FACE_BOUND('',#1259,.T.);
#1366=FACE_BOUND('',#1260,.T.);
#1367=FACE_BOUND('',#1261,.T.);
#1368=FACE_BOUND('',#1262,.T.);
#1369=FACE_BOUND('',#1263,.T.);
#1370=FACE_BOUND('',#1264,.T.);
#1371=FACE_BOUND('',#1265,.T.);
#1372=FACE_BOUND('',#1266,.T.);
#1373=FACE_BOUND('',#1267,.T.);
#1374=FACE_BOUND('',#1268,.T.);
#1375=FACE_BOUND('',#1269,.T.);
#1376=FACE_BOUND('',#1270,.T.);
#1377=FACE_BOUND('',#1271,.T.);
#1378=FACE_BOUND('',#1272,.T.);
#1379=FACE_BOUND('',#1273,.T.);
#1380=FACE_BOUND('',#1274,.T.);
#1381=FACE_BOUND('',#1275,.T.);
#1382=FACE_BOUND('',#1276,.T.);
#1383=FACE_BOUND('',#1277,.T.);
#1384=FACE_BOUND('',#1278,.T.);
#1385=FACE_BOUND('',#1279,.T.);
#1386=FACE_BOUND('',#1280,.T.);
#1387=FACE_BOUND('',#1281,.T.);
#1388=FACE_BOUND('',#1282,.T.);
#1389=FACE_BOUND('',#1283,.T.);
#1390=FACE_BOUND('',#1284,.T.);
#1391=FACE_BOUND('',#1285,.T.);
#1392=FACE_BOUND('',#1286,.T.);
#1393=FACE_BOUND('',#1287,.T.);
#1394=FACE_BOUND('',#1288,.T.);
#1395=FACE_BOUND('',#1289,.T.);
#1396=FACE_BOUND('',#1290,.T.);
#1397=FACE_BOUND('',#1291,.T.);
#1398=FACE_BOUND('',#1292,.T.);
#1399=FACE_BOUND('',#1293,.T.);
#1400=FACE_BOUND('',#1294,.T.);
#1401=FACE_BOUND('',#1295,.T.);
#1402=FACE_BOUND('',#1296,.T.);
#1403=FACE_BOUND('',#1297,.T.);
#1404=FACE_BOUND('',#1298,.T.);
#1405=FACE_BOUND('',#1299,.T.);
#1406=FACE_BOUND('',#1300,.T.);
#1407=FACE_BOUND('',#1301,.T.);
#1408=FACE_BOUND('',#1302,.T.);
#1409=FACE_BOUND('',#1303,.T.);
#1410=FACE_BOUND('',#1304,.T.);
#1411=FACE_BOUND('',#1305,.T.);
#1412=FACE_BOUND('',#1306,.T.);
#1413=FACE_BOUND('',#1307,.T.);
#1414=FACE_BOUND('',#1308,.T.);
#1415=FACE_BOUND('',#1309,.T.);
#1416=FACE_BOUND('',#1310,.T.);
#1417=FACE_BOUND('',#1311,.T.);
#1418=FACE_BOUND('',#1312,.T.);
#1419=FACE_BOUND('',#1313,.T.);
#1420=FACE_BOUND('',#1314,.T.);
#1421=FACE_BOUND('',#1315,.T.);
#1422=FACE_BOUND('',#1316,.T.);
#1423=FACE_BOUND('',#1317,.T.);
#1424=FACE_BOUND('',#1318,.T.);
#1425=FACE_BOUND('',#1319,.T.);
#1426=FACE_BOUND('',#1320,.T.);
#1427=FACE_BOUND('',#1321,.T.);
#1428=FACE_BOUND('',#1322,.T.);
#1429=FACE_BOUND('',#1323,.T.);
#1430=FACE_BOUND('',#1324,.T.);
#1431=FACE_BOUND('',#1325,.T.);
#1432=FACE_BOUND('',#1326,.T.);
#1433=PLANE('',#1606);
#1434=PLANE('',#1607);
#1435=PLANE('',#1608);
#1436=PLANE('',#1609);
#1437=PLANE('',#1610);
#1438=PLANE('',#1611);
#1439=PLANE('',#1612);
#1440=PLANE('',#1613);
#1441=PLANE('',#1614);
#1442=PLANE('',#1615);
#1443=PLANE('',#1617);
#1444=PLANE('',#1619);
#1445=PLANE('',#1621);
#1446=PLANE('',#1622);
#1447=PLANE('',#1623);
#1448=PLANE('',#1625);
#1449=PLANE('',#1626);
#1450=PLANE('',#1631);
#1451=PLANE('',#1632);
#1452=PLANE('',#1633);
#1453=PLANE('',#1642);
#1454=PLANE('',#1643);
#1455=PLANE('',#1645);
#1456=PLANE('',#1648);
#1457=PLANE('',#1649);
#1458=PLANE('',#1654);
#1459=PLANE('',#1655);
#1460=PLANE('',#1660);
#1461=PLANE('',#1661);
#1462=PLANE('',#1662);
#1463=PLANE('',#1668);
#1464=PLANE('',#1669);
#1465=PLANE('',#1670);
#1466=PLANE('',#1671);
#1467=PLANE('',#1672);
#1468=PLANE('',#1675);
#1469=PLANE('',#1676);
#1470=PLANE('',#1677);
#1471=PLANE('',#1683);
#1472=PLANE('',#1684);
#1473=PLANE('',#1685);
#1474=PLANE('',#1691);
#1475=PLANE('',#1696);
#1476=PLANE('',#1699);
#1477=PLANE('',#1700);
#1478=PLANE('',#1701);
#1479=PLANE('',#1702);
#1480=PLANE('',#1703);
#1481=PLANE('',#1704);
#1482=PLANE('',#1705);
#1483=PLANE('',#1706);
#1484=PLANE('',#1707);
#1485=PLANE('',#1708);
#1486=PLANE('',#1709);
#1487=PLANE('',#1710);
#1488=PLANE('',#1711);
#1489=PLANE('',#1712);
#1490=PLANE('',#1713);
#1491=PLANE('',#1714);
#1492=PLANE('',#1715);
#1493=PLANE('',#1716);
#1494=PLANE('',#1725);
#1495=PLANE('',#1726);
#1496=PLANE('',#1727);
#1497=PLANE('',#1728);
#1498=ADVANCED_FACE('',(#1327),#1433,.T.);
#1499=ADVANCED_FACE('',(#1328),#1434,.T.);
#1500=ADVANCED_FACE('',(#1329),#1435,.F.);
#1501=ADVANCED_FACE('',(#1330),#1436,.F.);
#1502=ADVANCED_FACE('',(#1331),#1437,.F.);
#1503=ADVANCED_FACE('',(#1332),#1438,.T.);
#1504=ADVANCED_FACE('',(#1333),#1439,.F.);
#1505=ADVANCED_FACE('',(#1334),#1440,.T.);
#1506=ADVANCED_FACE('',(#1335),#1441,.T.);
#1507=ADVANCED_FACE('',(#1336),#1442,.F.);
#1508=ADVANCED_FACE('',(#1337),#1443,.T.);
#1509=ADVANCED_FACE('',(#1338),#1444,.F.);
#1510=ADVANCED_FACE('',(#1339),#1445,.F.);
#1511=ADVANCED_FACE('',(#1340),#1446,.T.);
#1512=ADVANCED_FACE('',(#1341,#1342),#1447,.F.);
#1513=ADVANCED_FACE('',(#1343),#1448,.F.);
#1514=ADVANCED_FACE('',(#1344),#1449,.F.);
#1515=ADVANCED_FACE('',(#1345),#1450,.F.);
#1516=ADVANCED_FACE('',(#1346),#1451,.T.);
#1517=ADVANCED_FACE('',(#1347,#1348,#1349,#1350),#1452,.T.);
#1518=ADVANCED_FACE('',(#1351),#1453,.F.);
#1519=ADVANCED_FACE('',(#1352,#1353),#1454,.T.);
#1520=ADVANCED_FACE('',(#1354,#1355,#1356),#1455,.F.);
#1521=ADVANCED_FACE('',(#1357),#1456,.T.);
#1522=ADVANCED_FACE('',(#1358,#1359),#1457,.T.);
#1523=ADVANCED_FACE('',(#1360),#1458,.T.);
#1524=ADVANCED_FACE('',(#1361,#1362,#1363),#1459,.T.);
#1525=ADVANCED_FACE('',(#1364),#1460,.F.);
#1526=ADVANCED_FACE('',(#1365),#1461,.T.);
#1527=ADVANCED_FACE('',(#1366),#1462,.T.);
#1528=ADVANCED_FACE('',(#1367),#10,.F.);
#1529=ADVANCED_FACE('',(#1368),#11,.F.);
#1530=ADVANCED_FACE('',(#1369),#12,.F.);
#1531=ADVANCED_FACE('',(#1370),#13,.F.);
#1532=ADVANCED_FACE('',(#1371,#1372),#14,.F.);
#1533=ADVANCED_FACE('',(#1373),#1463,.F.);
#1534=ADVANCED_FACE('',(#1374),#1464,.F.);
#1535=ADVANCED_FACE('',(#1375),#1465,.T.);
#1536=ADVANCED_FACE('',(#1376),#1466,.T.);
#1537=ADVANCED_FACE('',(#1377,#1378),#1467,.T.);
#1538=ADVANCED_FACE('',(#1379),#15,.T.);
#1539=ADVANCED_FACE('',(#1380),#1468,.F.);
#1540=ADVANCED_FACE('',(#1381),#1469,.T.);
#1541=ADVANCED_FACE('',(#1382,#1383),#1470,.F.);
#1542=ADVANCED_FACE('',(#1384),#16,.T.);
#1543=ADVANCED_FACE('',(#1385),#1471,.F.);
#1544=ADVANCED_FACE('',(#1386),#1472,.T.);
#1545=ADVANCED_FACE('',(#1387,#1388),#1473,.F.);
#1546=ADVANCED_FACE('',(#1389,#1390),#17,.F.);
#1547=ADVANCED_FACE('',(#1391,#1392),#1474,.T.);
#1548=ADVANCED_FACE('',(#1393,#1394),#18,.F.);
#1549=ADVANCED_FACE('',(#1395,#1396),#19,.F.);
#1550=ADVANCED_FACE('',(#1397,#1398),#1475,.T.);
#1551=ADVANCED_FACE('',(#1399,#1400),#20,.F.);
#1552=ADVANCED_FACE('',(#1401),#1476,.F.);
#1553=ADVANCED_FACE('',(#1402),#1477,.T.);
#1554=ADVANCED_FACE('',(#1403),#1478,.F.);
#1555=ADVANCED_FACE('',(#1404),#1479,.T.);
#1556=ADVANCED_FACE('',(#1405),#1480,.T.);
#1557=ADVANCED_FACE('',(#1406),#1481,.T.);
#1558=ADVANCED_FACE('',(#1407),#1482,.F.);
#1559=ADVANCED_FACE('',(#1408),#1483,.F.);
#1560=ADVANCED_FACE('',(#1409),#1484,.T.);
#1561=ADVANCED_FACE('',(#1410),#1485,.F.);
#1562=ADVANCED_FACE('',(#1411),#1486,.T.);
#1563=ADVANCED_FACE('',(#1412),#1487,.T.);
#1564=ADVANCED_FACE('',(#1413),#1488,.T.);
#1565=ADVANCED_FACE('',(#1414),#1489,.F.);
#1566=ADVANCED_FACE('',(#1415),#1490,.F.);
#1567=ADVANCED_FACE('',(#1416),#1491,.T.);
#1568=ADVANCED_FACE('',(#1417),#1492,.T.);
#1569=ADVANCED_FACE('',(#1418),#1493,.F.);
#1570=ADVANCED_FACE('',(#1419),#21,.F.);
#1571=ADVANCED_FACE('',(#1420,#1421),#22,.F.);
#1572=ADVANCED_FACE('',(#1422),#23,.F.);
#1573=ADVANCED_FACE('',(#1423,#1424),#24,.F.);
#1574=ADVANCED_FACE('',(#1425),#25,.T.);
#1575=ADVANCED_FACE('',(#1426),#26,.T.);
#1576=ADVANCED_FACE('',(#1427),#27,.T.);
#1577=ADVANCED_FACE('',(#1428),#28,.T.);
#1578=ADVANCED_FACE('',(#1429),#1494,.T.);
#1579=ADVANCED_FACE('',(#1430),#1495,.F.);
#1580=ADVANCED_FACE('',(#1431),#1496,.F.);
#1581=ADVANCED_FACE('',(#1432),#1497,.T.);
#1582=CLOSED_SHELL('',(#1498,#1499,#1500,#1501,#1502,#1503,#1504,#1505,
#1506,#1507));
#1583=CLOSED_SHELL('',(#1508,#1509,#1510,#1511,#1512,#1513,#1514,#1515,
#1516,#1517,#1518,#1519,#1520,#1521,#1522,#1523,#1524,#1525,#1526,#1527,
#1528,#1529,#1530,#1531,#1532,#1533,#1534,#1535,#1536,#1537,#1538,#1539,
#1540,#1541,#1542,#1543,#1544,#1545,#1546,#1547,#1548,#1549,#1550,#1551,
#1552,#1553,#1554,#1555,#1556,#1557,#1558,#1559,#1560,#1561,#1562,#1563,
#1564,#1565,#1566,#1567,#1568,#1569,#1570,#1571,#1572,#1573,#1574,#1575,
#1576,#1577,#1578,#1579,#1580,#1581));
#1584=STYLED_ITEM('',(#1586),#1599);
#1585=STYLED_ITEM('',(#1587),#1600);
#1586=PRESENTATION_STYLE_ASSIGNMENT((#1588));
#1587=PRESENTATION_STYLE_ASSIGNMENT((#1589));
#1588=SURFACE_STYLE_USAGE(.BOTH.,#1590);
#1589=SURFACE_STYLE_USAGE(.BOTH.,#1591);
#1590=SURFACE_SIDE_STYLE('',(#1592));
#1591=SURFACE_SIDE_STYLE('',(#1593));
#1592=SURFACE_STYLE_FILL_AREA(#1594);
#1593=SURFACE_STYLE_FILL_AREA(#1595);
#1594=FILL_AREA_STYLE('',(#1596));
#1595=FILL_AREA_STYLE('',(#1597));
#1596=FILL_AREA_STYLE_COLOUR('',#1598);
#1597=FILL_AREA_STYLE_COLOUR('',#1598);
#1598=COLOUR_RGB('',0.301960784313725,0.301960784313725,0.301960784313725);
#1599=MANIFOLD_SOLID_BREP('Part 3',#1582);
#1600=MANIFOLD_SOLID_BREP('Part 2',#1583);
#1601=SHAPE_DEFINITION_REPRESENTATION(#2615,#1603);
#1602=SHAPE_DEFINITION_REPRESENTATION(#2616,#1604);
#1603=SHAPE_REPRESENTATION('Part 3',(#1605),#2605);
#1604=SHAPE_REPRESENTATION('Part 2',(#1616),#2606);
#1605=AXIS2_PLACEMENT_3D('',#2155,#1729,#1730);
#1606=AXIS2_PLACEMENT_3D('',#2156,#1731,#1732);
#1607=AXIS2_PLACEMENT_3D('',#2165,#1737,#1738);
#1608=AXIS2_PLACEMENT_3D('',#2174,#1743,#1744);
#1609=AXIS2_PLACEMENT_3D('',#2183,#1749,#1750);
#1610=AXIS2_PLACEMENT_3D('',#2192,#1755,#1756);
#1611=AXIS2_PLACEMENT_3D('',#2197,#1761,#1762);
#1612=AXIS2_PLACEMENT_3D('',#2202,#1767,#1768);
#1613=AXIS2_PLACEMENT_3D('',#2203,#1769,#1770);
#1614=AXIS2_PLACEMENT_3D('',#2204,#1771,#1772);
#1615=AXIS2_PLACEMENT_3D('',#2205,#1773,#1774);
#1616=AXIS2_PLACEMENT_3D('',#2206,#1775,#1776);
#1617=AXIS2_PLACEMENT_3D('',#2207,#1777,#1778);
#1618=AXIS2_PLACEMENT_3D('',#2208,#1779,#1780);
#1619=AXIS2_PLACEMENT_3D('',#2220,#1786,#1787);
#1620=AXIS2_PLACEMENT_3D('',#2221,#1788,#1789);
#1621=AXIS2_PLACEMENT_3D('',#2233,#1795,#1796);
#1622=AXIS2_PLACEMENT_3D('',#2243,#1802,#1803);
#1623=AXIS2_PLACEMENT_3D('',#2253,#1809,#1810);
#1624=AXIS2_PLACEMENT_3D('',#2254,#1811,#1812);
#1625=AXIS2_PLACEMENT_3D('',#2264,#1817,#1818);
#1626=AXIS2_PLACEMENT_3D('',#2271,#1823,#1824);
#1627=AXIS2_PLACEMENT_3D('',#2283,#1830,#1831);
#1628=AXIS2_PLACEMENT_3D('',#2287,#1833,#1834);
#1629=AXIS2_PLACEMENT_3D('',#2291,#1836,#1837);
#1630=AXIS2_PLACEMENT_3D('',#2295,#1839,#1840);
#1631=AXIS2_PLACEMENT_3D('',#2296,#1841,#1842);
#1632=AXIS2_PLACEMENT_3D('',#2302,#1846,#1847);
#1633=AXIS2_PLACEMENT_3D('',#2315,#1854,#1855);
#1634=AXIS2_PLACEMENT_3D('',#2316,#1856,#1857);
#1635=AXIS2_PLACEMENT_3D('',#2318,#1858,#1859);
#1636=AXIS2_PLACEMENT_3D('',#2339,#1869,#1870);
#1637=AXIS2_PLACEMENT_3D('',#2343,#1872,#1873);
#1638=AXIS2_PLACEMENT_3D('',#2347,#1875,#1876);
#1639=AXIS2_PLACEMENT_3D('',#2351,#1878,#1879);
#1640=AXIS2_PLACEMENT_3D('',#2355,#1881,#1882);
#1641=AXIS2_PLACEMENT_3D('',#2359,#1884,#1885);
#1642=AXIS2_PLACEMENT_3D('',#2360,#1886,#1887);
#1643=AXIS2_PLACEMENT_3D('',#2373,#1894,#1895);
#1644=AXIS2_PLACEMENT_3D('',#2374,#1896,#1897);
#1645=AXIS2_PLACEMENT_3D('',#2389,#1905,#1906);
#1646=AXIS2_PLACEMENT_3D('',#2390,#1907,#1908);
#1647=AXIS2_PLACEMENT_3D('',#2392,#1909,#1910);
#1648=AXIS2_PLACEMENT_3D('',#2404,#1917,#1918);
#1649=AXIS2_PLACEMENT_3D('',#2418,#1926,#1927);
#1650=AXIS2_PLACEMENT_3D('',#2422,#1929,#1930);
#1651=AXIS2_PLACEMENT_3D('',#2426,#1932,#1933);
#1652=AXIS2_PLACEMENT_3D('',#2430,#1935,#1936);
#1653=AXIS2_PLACEMENT_3D('',#2431,#1937,#1938);
#1654=AXIS2_PLACEMENT_3D('',#2438,#1943,#1944);
#1655=AXIS2_PLACEMENT_3D('',#2443,#1949,#1950);
#1656=AXIS2_PLACEMENT_3D('',#2444,#1951,#1952);
#1657=AXIS2_PLACEMENT_3D('',#2446,#1953,#1954);
#1658=AXIS2_PLACEMENT_3D('',#2448,#1955,#1956);
#1659=AXIS2_PLACEMENT_3D('',#2449,#1957,#1958);
#1660=AXIS2_PLACEMENT_3D('',#2450,#1959,#1960);
#1661=AXIS2_PLACEMENT_3D('',#2453,#1963,#1964);
#1662=AXIS2_PLACEMENT_3D('',#2456,#1967,#1968);
#1663=AXIS2_PLACEMENT_3D('',#2459,#1971,#1972);
#1664=AXIS2_PLACEMENT_3D('',#2460,#1973,#1974);
#1665=AXIS2_PLACEMENT_3D('',#2461,#1975,#1976);
#1666=AXIS2_PLACEMENT_3D('',#2462,#1977,#1978);
#1667=AXIS2_PLACEMENT_3D('',#2463,#1979,#1980);
#1668=AXIS2_PLACEMENT_3D('',#2464,#1981,#1982);
#1669=AXIS2_PLACEMENT_3D('',#2470,#1986,#1987);
#1670=AXIS2_PLACEMENT_3D('',#2476,#1991,#1992);
#1671=AXIS2_PLACEMENT_3D('',#2482,#1996,#1997);
#1672=AXIS2_PLACEMENT_3D('',#2488,#2001,#2002);
#1673=AXIS2_PLACEMENT_3D('',#2497,#2011,#2012);
#1674=AXIS2_PLACEMENT_3D('',#2500,#2014,#2015);
#1675=AXIS2_PLACEMENT_3D('',#2503,#2017,#2018);
#1676=AXIS2_PLACEMENT_3D('',#2507,#2021,#2022);
#1677=AXIS2_PLACEMENT_3D('',#2511,#2025,#2026);
#1678=AXIS2_PLACEMENT_3D('',#2512,#2027,#2028);
#1679=AXIS2_PLACEMENT_3D('',#2514,#2029,#2030);
#1680=AXIS2_PLACEMENT_3D('',#2517,#2033,#2034);
#1681=AXIS2_PLACEMENT_3D('',#2518,#2035,#2036);
#1682=AXIS2_PLACEMENT_3D('',#2521,#2038,#2039);
#1683=AXIS2_PLACEMENT_3D('',#2524,#2041,#2042);
#1684=AXIS2_PLACEMENT_3D('',#2528,#2045,#2046);
#1685=AXIS2_PLACEMENT_3D('',#2532,#2049,#2050);
#1686=AXIS2_PLACEMENT_3D('',#2533,#2051,#2052);
#1687=AXIS2_PLACEMENT_3D('',#2535,#2053,#2054);
#1688=AXIS2_PLACEMENT_3D('',#2538,#2057,#2058);
#1689=AXIS2_PLACEMENT_3D('',#2539,#2059,#2060);
#1690=AXIS2_PLACEMENT_3D('',#2540,#2061,#2062);
#1691=AXIS2_PLACEMENT_3D('',#2542,#2063,#2064);
#1692=AXIS2_PLACEMENT_3D('',#2543,#2065,#2066);
#1693=AXIS2_PLACEMENT_3D('',#2545,#2067,#2068);
#1694=AXIS2_PLACEMENT_3D('',#2546,#2069,#2070);
#1695=AXIS2_PLACEMENT_3D('',#2547,#2071,#2072);
#1696=AXIS2_PLACEMENT_3D('',#2549,#2073,#2074);
#1697=AXIS2_PLACEMENT_3D('',#2550,#2075,#2076);
#1698=AXIS2_PLACEMENT_3D('',#2552,#2077,#2078);
#1699=AXIS2_PLACEMENT_3D('',#2553,#2079,#2080);
#1700=AXIS2_PLACEMENT_3D('',#2557,#2083,#2084);
#1701=AXIS2_PLACEMENT_3D('',#2561,#2087,#2088);
#1702=AXIS2_PLACEMENT_3D('',#2565,#2091,#2092);
#1703=AXIS2_PLACEMENT_3D('',#2568,#2095,#2096);
#1704=AXIS2_PLACEMENT_3D('',#2570,#2098,#2099);
#1705=AXIS2_PLACEMENT_3D('',#2574,#2102,#2103);
#1706=AXIS2_PLACEMENT_3D('',#2577,#2106,#2107);
#1707=AXIS2_PLACEMENT_3D('',#2579,#2109,#2110);
#1708=AXIS2_PLACEMENT_3D('',#2581,#2112,#2113);
#1709=AXIS2_PLACEMENT_3D('',#2583,#2115,#2116);
#1710=AXIS2_PLACEMENT_3D('',#2584,#2117,#2118);
#1711=AXIS2_PLACEMENT_3D('',#2585,#2119,#2120);
#1712=AXIS2_PLACEMENT_3D('',#2586,#2121,#2122);
#1713=AXIS2_PLACEMENT_3D('',#2587,#2123,#2124);
#1714=AXIS2_PLACEMENT_3D('',#2588,#2125,#2126);
#1715=AXIS2_PLACEMENT_3D('',#2589,#2127,#2128);
#1716=AXIS2_PLACEMENT_3D('',#2590,#2129,#2130);
#1717=AXIS2_PLACEMENT_3D('',#2591,#2131,#2132);
#1718=AXIS2_PLACEMENT_3D('',#2592,#2133,#2134);
#1719=AXIS2_PLACEMENT_3D('',#2593,#2135,#2136);
#1720=AXIS2_PLACEMENT_3D('',#2594,#2137,#2138);
#1721=AXIS2_PLACEMENT_3D('',#2595,#2139,#2140);
#1722=AXIS2_PLACEMENT_3D('',#2596,#2141,#2142);
#1723=AXIS2_PLACEMENT_3D('',#2597,#2143,#2144);
#1724=AXIS2_PLACEMENT_3D('',#2598,#2145,#2146);
#1725=AXIS2_PLACEMENT_3D('',#2599,#2147,#2148);
#1726=AXIS2_PLACEMENT_3D('',#2600,#2149,#2150);
#1727=AXIS2_PLACEMENT_3D('',#2601,#2151,#2152);
#1728=AXIS2_PLACEMENT_3D('',#2602,#2153,#2154);
#1729=DIRECTION('',(0.,0.,1.));
#1730=DIRECTION('',(1.,0.,0.));
#1731=DIRECTION('',(1.89070678580578E-16,0.,-1.));
#1732=DIRECTION('',(-1.,0.,-1.89070678580578E-16));
#1733=DIRECTION('',(1.,0.,1.89070678580578E-16));
#1734=DIRECTION('',(0.,1.,0.));
#1735=DIRECTION('',(1.,0.,1.89070678580578E-16));
#1736=DIRECTION('',(0.,-1.,0.));
#1737=DIRECTION('',(1.,0.,1.0450141421547E-16));
#1738=DIRECTION('',(1.0450141421547E-16,0.,-1.));
#1739=DIRECTION('',(-1.0450141421547E-16,0.,1.));
#1740=DIRECTION('',(0.,-1.,0.));
#1741=DIRECTION('',(-1.0450141421547E-16,0.,1.));
#1742=DIRECTION('',(0.,1.,0.));
#1743=DIRECTION('',(9.45353392902892E-17,0.,-1.));
#1744=DIRECTION('',(-1.,0.,-9.45353392902892E-17));
#1745=DIRECTION('',(1.,0.,9.45353392902892E-17));
#1746=DIRECTION('',(0.,-1.,0.));
#1747=DIRECTION('',(1.,0.,9.45353392902892E-17));
#1748=DIRECTION('',(0.,1.,0.));
#1749=DIRECTION('',(1.,0.,1.0450141421547E-16));
#1750=DIRECTION('',(1.0450141421547E-16,0.,-1.));
#1751=DIRECTION('',(-1.0450141421547E-16,0.,1.));
#1752=DIRECTION('',(0.,1.,0.));
#1753=DIRECTION('',(-1.0450141421547E-16,0.,1.));
#1754=DIRECTION('',(0.,-1.,0.));
#1755=DIRECTION('',(0.,-1.,0.));
#1756=DIRECTION('',(1.,0.,0.));
#1757=DIRECTION('',(-0.707106781186547,0.,-0.707106781186549));
#1758=DIRECTION('',(0.707106781186548,0.,-0.707106781186547));
#1759=DIRECTION('',(0.707106781186547,0.,0.707106781186548));
#1760=DIRECTION('',(-0.707106781186548,0.,0.707106781186547));
#1761=DIRECTION('',(0.,-1.,0.));
#1762=DIRECTION('',(1.,0.,0.));
#1763=DIRECTION('',(0.707106781186547,0.,0.707106781186549));
#1764=DIRECTION('',(0.707106781186548,0.,-0.707106781186547));
#1765=DIRECTION('',(-0.707106781186547,0.,-0.707106781186548));
#1766=DIRECTION('',(-0.707106781186548,0.,0.707106781186547));
#1767=DIRECTION('',(0.707106781186549,0.,-0.707106781186547));
#1768=DIRECTION('',(0.,-1.,0.));
#1769=DIRECTION('',(-0.707106781186547,0.,-0.707106781186548));
#1770=DIRECTION('',(0.,1.,0.));
#1771=DIRECTION('',(0.707106781186547,0.,0.707106781186548));
#1772=DIRECTION('',(0.,1.,0.));
#1773=DIRECTION('',(-0.707106781186548,0.,0.707106781186547));
#1774=DIRECTION('',(0.,-1.,0.));
#1775=DIRECTION('',(0.,0.,1.));
#1776=DIRECTION('',(1.,0.,0.));
#1777=DIRECTION('',(0.707106781186548,-0.707106781186548,7.00934133340971E-17));
#1778=DIRECTION('',(-9.91270557701033E-17,0.,1.));
#1779=DIRECTION('',(0.707106781186548,-0.707106781186548,7.00934133340971E-17));
#1780=DIRECTION('',(0.707106781186548,0.707106781186548,7.00934133340971E-17));
#1781=DIRECTION('',(9.91270557701033E-17,0.,-1.));
#1782=DIRECTION('',(-0.577350269189626,-0.577350269189626,-0.577350269189626));
#1783=DIRECTION('',(-9.91270557701033E-17,0.,1.));
#1784=DIRECTION('',(0.577350269189626,0.577350269189626,0.577350269189626));
#1785=DIRECTION('',(9.91270557701033E-17,0.,-1.));
#1786=DIRECTION('',(0.707106781186548,0.707106781186548,7.00934133340971E-17));
#1787=DIRECTION('',(9.91270557701033E-17,0.,-1.));
#1788=DIRECTION('',(0.707106781186548,0.707106781186548,7.00934133340971E-17));
#1789=DIRECTION('',(-0.707106781186548,0.707106781186548,-7.00934133340971E-17));
#1790=DIRECTION('',(-9.91270557701033E-17,0.,1.));
#1791=DIRECTION('',(0.577350269189626,-0.577350269189626,-0.577350269189626));
#1792=DIRECTION('',(9.91270557701033E-17,0.,-1.));
#1793=DIRECTION('',(-0.577350269189626,0.577350269189626,0.577350269189626));
#1794=DIRECTION('',(-9.91270557701033E-17,0.,1.));
#1795=DIRECTION('',(1.,-7.54227598250786E-17,9.91270557701033E-17));
#1796=DIRECTION('',(9.91270557701033E-17,0.,-1.));
#1797=DIRECTION('',(-9.91270557701033E-17,0.,1.));
#1798=DIRECTION('',(-7.54227598250786E-17,-1.,-7.47643611951567E-33));
#1799=DIRECTION('',(-9.91270557701033E-17,0.,1.));
#1800=DIRECTION('',(7.54227598250786E-17,1.,7.47643611951567E-33));
#1801=DIRECTION('',(7.54227598250786E-17,1.,7.47643611951567E-33));
#1802=DIRECTION('',(1.,-7.54227598250786E-17,9.91270557701033E-17));
#1803=DIRECTION('',(9.91270557701033E-17,0.,-1.));
#1804=DIRECTION('',(-9.91270557701033E-17,0.,1.));
#1805=DIRECTION('',(7.54227598250786E-17,1.,7.47643611951567E-33));
#1806=DIRECTION('',(-9.91270557701033E-17,0.,1.));
#1807=DIRECTION('',(-7.54227598250786E-17,-1.,-7.47643611951567E-33));
#1808=DIRECTION('',(-7.54227598250786E-17,-1.,-7.47643611951567E-33));
#1809=DIRECTION('',(9.91270557701033E-17,0.,-1.));
#1810=DIRECTION('',(1.,0.,9.91270557701033E-17));
#1811=DIRECTION('',(9.91270557701033E-17,0.,-1.));
#1812=DIRECTION('',(-1.,0.,-9.91270557701033E-17));
#1813=DIRECTION('',(1.,0.,9.91270557701033E-17));
#1814=DIRECTION('',(7.54227598250786E-17,1.,7.47643611951567E-33));
#1815=DIRECTION('',(1.,0.,9.91270557701033E-17));
#1816=DIRECTION('',(-7.54227598250786E-17,-1.,-7.47643611951567E-33));
#1817=DIRECTION('',(-9.91270557701033E-17,0.,1.));
#1818=DIRECTION('',(1.,0.,9.91270557701033E-17));
#1819=DIRECTION('',(1.,0.,9.91270557701033E-17));
#1820=DIRECTION('',(7.54227598250786E-17,1.,7.47643611951567E-33));
#1821=DIRECTION('',(-1.,0.,-9.91270557701033E-17));
#1822=DIRECTION('',(-7.54227598250786E-17,-1.,-7.47643611951567E-33));
#1823=DIRECTION('',(9.91270557701033E-17,0.,-1.));
#1824=DIRECTION('',(1.,0.,9.91270557701033E-17));
#1825=DIRECTION('',(-1.,0.,-9.91270557701033E-17));
#1826=DIRECTION('',(7.54227598250786E-17,1.,7.47643611951567E-33));
#1827=DIRECTION('',(1.,0.,9.91270557701033E-17));
#1828=DIRECTION('',(-7.54227598250786E-17,-1.,-7.47643611951567E-33));
#1829=DIRECTION('',(-1.,0.,-9.91270557701033E-17));
#1830=DIRECTION('',(9.91270557701033E-17,0.,-1.));
#1831=DIRECTION('',(-1.,0.,-9.91270557701033E-17));
#1832=DIRECTION('',(-1.33440267382831E-16,1.,-1.32275408268354E-32));
#1833=DIRECTION('',(9.91270557701033E-17,0.,-1.));
#1834=DIRECTION('',(-1.,0.,-9.91270557701033E-17));
#1835=DIRECTION('',(1.,0.,9.91270557701033E-17));
#1836=DIRECTION('',(9.91270557701033E-17,0.,-1.));
#1837=DIRECTION('',(-1.,0.,-9.91270557701033E-17));
#1838=DIRECTION('',(-1.33440267382831E-16,1.,-1.32275408268354E-32));
#1839=DIRECTION('',(9.91270557701033E-17,0.,-1.));
#1840=DIRECTION('',(-1.,0.,-9.91270557701033E-17));
#1841=DIRECTION('',(0.,-1.,0.));
#1842=DIRECTION('',(0.,0.,-1.));
#1843=DIRECTION('',(9.91270557701033E-17,0.,-1.));
#1844=DIRECTION('',(-1.,0.,-9.91270557701033E-17));
#1845=DIRECTION('',(-9.91270557701033E-17,0.,1.));
#1846=DIRECTION('',(1.,-7.54227598250786E-17,9.91270557701033E-17));
#1847=DIRECTION('',(9.91270557701033E-17,0.,-1.));
#1848=DIRECTION('',(-7.54227598250786E-17,-1.,-7.47643611951567E-33));
#1849=DIRECTION('',(-9.91270557701033E-17,0.,1.));
#1850=DIRECTION('',(-7.54227598250786E-17,-1.,-7.47643611951567E-33));
#1851=DIRECTION('',(-9.91270557701033E-17,0.,1.));
#1852=DIRECTION('',(7.54227598250786E-17,1.,7.47643611951567E-33));
#1853=DIRECTION('',(-9.91270557701033E-17,0.,1.));
#1854=DIRECTION('',(0.,-1.,0.));
#1855=DIRECTION('',(0.,0.,-1.));
#1856=DIRECTION('',(0.,-1.,0.));
#1857=DIRECTION('',(0.,0.,-1.));
#1858=DIRECTION('',(0.,-1.,0.));
#1859=DIRECTION('',(0.,0.,-1.));
#1860=DIRECTION('',(1.,0.,1.87537673078573E-16));
#1861=DIRECTION('',(-0.707106781186547,0.,0.707106781186548));
#1862=DIRECTION('',(-1.03565580655332E-16,0.,1.));
#1863=DIRECTION('',(-0.707106781186547,0.,-0.707106781186548));
#1864=DIRECTION('',(1.,0.,9.37688365392869E-17));
#1865=DIRECTION('',(0.707106781186548,0.,-0.707106781186547));
#1866=DIRECTION('',(-1.03565580655332E-16,0.,1.));
#1867=DIRECTION('',(0.707106781186547,0.,0.707106781186548));
#1868=DIRECTION('',(1.,0.,9.91270557701033E-17));
#1869=DIRECTION('',(0.,-1.,0.));
#1870=DIRECTION('',(0.,0.,-1.));
#1871=DIRECTION('',(-0.796826443033318,0.,-0.604208258535805));
#1872=DIRECTION('',(0.,1.,0.));
#1873=DIRECTION('',(0.,0.,-1.));
#1874=DIRECTION('',(-0.796826443033318,0.,0.604208258535805));
#1875=DIRECTION('',(0.,-1.,0.));
#1876=DIRECTION('',(0.,0.,-1.));
#1877=DIRECTION('',(1.,0.,9.91270557701033E-17));
#1878=DIRECTION('',(0.,-1.,0.));
#1879=DIRECTION('',(0.,0.,-1.));
#1880=DIRECTION('',(0.796826443033318,0.,0.604208258535805));
#1881=DIRECTION('',(0.,-1.,0.));
#1882=DIRECTION('',(0.,0.,-1.));
#1883=DIRECTION('',(0.796826443033318,0.,-0.604208258535805));
#1884=DIRECTION('',(0.,-1.,0.));
#1885=DIRECTION('',(0.,0.,-1.));
#1886=DIRECTION('',(1.,-7.54227598250786E-17,9.91270557701033E-17));
#1887=DIRECTION('',(9.91270557701033E-17,0.,-1.));
#1888=DIRECTION('',(7.54227598250786E-17,1.,7.47643611951567E-33));
#1889=DIRECTION('',(9.91270557701033E-17,0.,-1.));
#1890=DIRECTION('',(7.54227598250786E-17,1.,7.47643611951567E-33));
#1891=DIRECTION('',(9.91270557701033E-17,0.,-1.));
#1892=DIRECTION('',(-7.54227598250786E-17,-1.,-7.47643611951567E-33));
#1893=DIRECTION('',(-9.91270557701033E-17,0.,1.));
#1894=DIRECTION('',(9.91270557701033E-17,0.,-1.));
#1895=DIRECTION('',(1.,0.,9.91270557701033E-17));
#1896=DIRECTION('',(9.91270557701033E-17,0.,-1.));
#1897=DIRECTION('',(-1.,0.,-9.91270557701033E-17));
#1898=DIRECTION('',(0.,1.,0.));
#1899=DIRECTION('',(1.,0.,9.91270557701033E-17));
#1900=DIRECTION('',(7.54227598250786E-17,1.,7.47643611951567E-33));
#1901=DIRECTION('',(1.,0.,9.91270557701033E-17));
#1902=DIRECTION('',(-7.54227598250786E-17,-1.,-7.47643611951567E-33));
#1903=DIRECTION('',(1.,0.,9.91270557701033E-17));
#1904=DIRECTION('',(0.,1.,0.));
#1905=DIRECTION('',(0.,-1.,0.));
#1906=DIRECTION('',(0.,0.,-1.));
#1907=DIRECTION('',(0.,1.,0.));
#1908=DIRECTION('',(0.,0.,1.));
#1909=DIRECTION('',(0.,1.,0.));
#1910=DIRECTION('',(0.,0.,1.));
#1911=DIRECTION('',(-9.91270557701033E-17,0.,1.));
#1912=DIRECTION('',(1.,0.,9.91270557701033E-17));
#1913=DIRECTION('',(9.91270557701033E-17,0.,-1.));
#1914=DIRECTION('',(9.91270557701033E-17,0.,-1.));
#1915=DIRECTION('',(-1.,0.,-9.91270557701033E-17));
#1916=DIRECTION('',(9.91270557701033E-17,0.,-1.));
#1917=DIRECTION('',(-9.91270557701033E-17,0.,1.));
#1918=DIRECTION('',(1.,0.,9.91270557701033E-17));
#1919=DIRECTION('',(-1.,0.,-9.91270557701033E-17));
#1920=DIRECTION('',(0.,1.,0.));
#1921=DIRECTION('',(0.,1.,0.));
#1922=DIRECTION('',(-1.,0.,-9.91270557701033E-17));
#1923=DIRECTION('',(7.54227598250786E-17,1.,7.47643611951567E-33));
#1924=DIRECTION('',(-1.,0.,-9.91270557701033E-17));
#1925=DIRECTION('',(-7.54227598250786E-17,-1.,-7.47643611951567E-33));
#1926=DIRECTION('',(9.91270557701033E-17,0.,-1.));
#1927=DIRECTION('',(1.,0.,9.91270557701033E-17));
#1928=DIRECTION('',(1.33440267382831E-16,-1.,1.32275408268354E-32));
#1929=DIRECTION('',(9.91270557701033E-17,0.,-1.));
#1930=DIRECTION('',(-1.,0.,-9.91270557701033E-17));
#1931=DIRECTION('',(-1.,0.,-9.91270557701033E-17));
#1932=DIRECTION('',(9.91270557701033E-17,0.,-1.));
#1933=DIRECTION('',(-1.,0.,-9.91270557701033E-17));
#1934=DIRECTION('',(1.33440267382831E-16,-1.,1.32275408268354E-32));
#1935=DIRECTION('',(9.91270557701033E-17,0.,-1.));
#1936=DIRECTION('',(-1.,0.,-9.91270557701033E-17));
#1937=DIRECTION('',(9.91270557701033E-17,0.,-1.));
#1938=DIRECTION('',(-1.,0.,-9.91270557701033E-17));
#1939=DIRECTION('',(-1.,0.,-9.91270557701033E-17));
#1940=DIRECTION('',(7.54227598250786E-17,1.,7.47643611951567E-33));
#1941=DIRECTION('',(1.,0.,9.91270557701033E-17));
#1942=DIRECTION('',(-7.54227598250786E-17,-1.,-7.47643611951567E-33));
#1943=DIRECTION('',(0.,-1.,0.));
#1944=DIRECTION('',(0.,0.,-1.));
#1945=DIRECTION('',(-0.707106781186547,0.,-0.707106781186548));
#1946=DIRECTION('',(-0.707106781186548,0.,0.707106781186547));
#1947=DIRECTION('',(0.707106781186547,0.,0.707106781186548));
#1948=DIRECTION('',(0.707106781186548,0.,-0.707106781186547));
#1949=DIRECTION('',(0.,-1.,0.));
#1950=DIRECTION('',(0.,0.,-1.));
#1951=DIRECTION('',(0.,1.,0.));
#1952=DIRECTION('',(0.,0.,1.));
#1953=DIRECTION('',(0.,1.,0.));
#1954=DIRECTION('',(0.,0.,1.));
#1955=DIRECTION('',(0.,1.,0.));
#1956=DIRECTION('',(0.,0.,1.));
#1957=DIRECTION('',(0.,1.,0.));
#1958=DIRECTION('',(0.,0.,1.));
#1959=DIRECTION('',(1.,1.33440267382831E-16,9.91270557701033E-17));
#1960=DIRECTION('',(-1.33440267382831E-16,1.,0.));
#1961=DIRECTION('',(9.91270557701033E-17,0.,-1.));
#1962=DIRECTION('',(9.91270557701033E-17,0.,-1.));
#1963=DIRECTION('',(0.,-1.,0.));
#1964=DIRECTION('',(0.,0.,-1.));
#1965=DIRECTION('',(9.91270557701033E-17,0.,-1.));
#1966=DIRECTION('',(9.91270557701033E-17,0.,-1.));
#1967=DIRECTION('',(1.,1.33440267382831E-16,9.91270557701033E-17));
#1968=DIRECTION('',(-1.33440267382831E-16,1.,0.));
#1969=DIRECTION('',(9.91270557701033E-17,0.,-1.));
#1970=DIRECTION('',(9.91270557701033E-17,0.,-1.));
#1971=DIRECTION('',(-9.91270557701033E-17,0.,1.));
#1972=DIRECTION('',(1.,0.,9.91270557701033E-17));
#1973=DIRECTION('',(9.91270557701033E-17,0.,-1.));
#1974=DIRECTION('',(-1.,0.,-9.91270557701033E-17));
#1975=DIRECTION('',(9.91270557701033E-17,0.,-1.));
#1976=DIRECTION('',(-1.,0.,-9.91270557701033E-17));
#1977=DIRECTION('',(-9.91270557701033E-17,0.,1.));
#1978=DIRECTION('',(1.,0.,9.91270557701033E-17));
#1979=DIRECTION('',(9.91270557701033E-17,0.,-1.));
#1980=DIRECTION('',(-1.,0.,-9.91270557701033E-17));
#1981=DIRECTION('',(1.87537673078573E-16,0.,-1.));
#1982=DIRECTION('',(-1.,0.,-1.87537673078573E-16));
#1983=DIRECTION('',(1.,0.,1.87537673078573E-16));
#1984=DIRECTION('',(0.,-1.,0.));
#1985=DIRECTION('',(0.,1.,0.));
#1986=DIRECTION('',(1.,0.,1.03565580655332E-16));
#1987=DIRECTION('',(1.03565580655332E-16,0.,-1.));
#1988=DIRECTION('',(0.,1.,0.));
#1989=DIRECTION('',(-1.03565580655332E-16,0.,1.));
#1990=DIRECTION('',(0.,-1.,0.));
#1991=DIRECTION('',(9.37688365392869E-17,0.,-1.));
#1992=DIRECTION('',(-1.,0.,-9.37688365392869E-17));
#1993=DIRECTION('',(0.,1.,0.));
#1994=DIRECTION('',(1.,0.,9.37688365392869E-17));
#1995=DIRECTION('',(0.,-1.,0.));
#1996=DIRECTION('',(1.,0.,1.03565580655332E-16));
#1997=DIRECTION('',(1.03565580655332E-16,0.,-1.));
#1998=DIRECTION('',(-1.03565580655332E-16,0.,1.));
#1999=DIRECTION('',(0.,-1.,0.));
#2000=DIRECTION('',(0.,1.,0.));
#2001=DIRECTION('',(0.,-1.,0.));
#2002=DIRECTION('',(1.,0.,0.));
#2003=DIRECTION('',(0.707106781186547,0.,0.707106781186548));
#2004=DIRECTION('',(-0.707106781186548,0.,0.707106781186547));
#2005=DIRECTION('',(0.707106781186548,0.,0.707106781186547));
#2006=DIRECTION('',(-0.707106781186547,0.,0.707106781186548));
#2007=DIRECTION('',(0.707106781186547,0.,0.707106781186548));
#2008=DIRECTION('',(0.707106781186547,0.,-0.707106781186548));
#2009=DIRECTION('',(-0.707106781186547,0.,-0.707106781186548));
#2010=DIRECTION('',(-0.707106781186548,0.,0.707106781186547));
#2011=DIRECTION('',(0.,-1.,0.));
#2012=DIRECTION('',(0.,0.,-1.));
#2013=DIRECTION('',(0.,-1.,0.));
#2014=DIRECTION('',(0.,1.,0.));
#2015=DIRECTION('',(0.,0.,-1.));
#2016=DIRECTION('',(0.,-1.,0.));
#2017=DIRECTION('',(0.604208258535805,0.,0.796826443033318));
#2018=DIRECTION('',(0.796826443033318,0.,-0.604208258535806));
#2019=DIRECTION('',(-0.796826443033318,0.,0.604208258535805));
#2020=DIRECTION('',(0.,1.,0.));
#2021=DIRECTION('',(-0.604208258535805,0.,0.796826443033318));
#2022=DIRECTION('',(0.796826443033318,0.,0.604208258535805));
#2023=DIRECTION('',(0.,1.,0.));
#2024=DIRECTION('',(-0.796826443033318,0.,-0.604208258535805));
#2025=DIRECTION('',(0.,-1.,0.));
#2026=DIRECTION('',(1.,0.,0.));
#2027=DIRECTION('',(0.,-1.,0.));
#2028=DIRECTION('',(0.,0.,-1.));
#2029=DIRECTION('',(0.,-1.,0.));
#2030=DIRECTION('',(0.,0.,-1.));
#2031=DIRECTION('',(-0.707106781186548,0.,-0.707106781186548));
#2032=DIRECTION('',(0.707106781186548,0.,-0.707106781186547));
#2033=DIRECTION('',(0.,-1.,0.));
#2034=DIRECTION('',(0.,0.,-1.));
#2035=DIRECTION('',(0.,-1.,0.));
#2036=DIRECTION('',(0.,0.,-1.));
#2037=DIRECTION('',(0.,-1.,0.));
#2038=DIRECTION('',(0.,-1.,0.));
#2039=DIRECTION('',(0.,0.,-1.));
#2040=DIRECTION('',(0.,-1.,0.));
#2041=DIRECTION('',(-0.604208258535805,0.,-0.796826443033318));
#2042=DIRECTION('',(-0.796826443033318,0.,0.604208258535805));
#2043=DIRECTION('',(0.796826443033318,0.,-0.604208258535805));
#2044=DIRECTION('',(0.,1.,0.));
#2045=DIRECTION('',(0.604208258535805,0.,-0.796826443033318));
#2046=DIRECTION('',(-0.796826443033318,0.,-0.604208258535805));
#2047=DIRECTION('',(0.,1.,0.));
#2048=DIRECTION('',(0.796826443033318,0.,0.604208258535805));
#2049=DIRECTION('',(0.,-1.,0.));
#2050=DIRECTION('',(1.,0.,0.));
#2051=DIRECTION('',(0.,-1.,0.));
#2052=DIRECTION('',(0.,0.,-1.));
#2053=DIRECTION('',(0.,-1.,0.));
#2054=DIRECTION('',(0.,0.,-1.));
#2055=DIRECTION('',(-0.707106781186548,0.,-0.707106781186547));
#2056=DIRECTION('',(0.707106781186548,0.,-0.707106781186548));
#2057=DIRECTION('',(0.,-1.,0.));
#2058=DIRECTION('',(0.,0.,-1.));
#2059=DIRECTION('',(0.,-1.,0.));
#2060=DIRECTION('',(0.,0.,-1.));
#2061=DIRECTION('',(0.,-1.,0.));
#2062=DIRECTION('',(0.,0.,-1.));
#2063=DIRECTION('',(0.,1.,0.));
#2064=DIRECTION('',(0.,0.,1.));
#2065=DIRECTION('',(0.,-1.,0.));
#2066=DIRECTION('',(0.,0.,-1.));
#2067=DIRECTION('',(0.,-1.,0.));
#2068=DIRECTION('',(0.,0.,-1.));
#2069=DIRECTION('',(0.,-1.,0.));
#2070=DIRECTION('',(0.,0.,-1.));
#2071=DIRECTION('',(0.,-1.,0.));
#2072=DIRECTION('',(0.,0.,-1.));
#2073=DIRECTION('',(0.,1.,0.));
#2074=DIRECTION('',(0.,0.,1.));
#2075=DIRECTION('',(0.,-1.,0.));
#2076=DIRECTION('',(0.,0.,-1.));
#2077=DIRECTION('',(0.,-1.,0.));
#2078=DIRECTION('',(0.,0.,-1.));
#2079=DIRECTION('',(-0.707106781186548,5.33319449281174E-17,-0.707106781186548));
#2080=DIRECTION('',(7.54227598250786E-17,1.,7.47643611951567E-33));
#2081=DIRECTION('',(0.577350269189626,-0.577350269189626,-0.577350269189626));
#2082=DIRECTION('',(0.577350269189626,0.577350269189626,-0.577350269189626));
#2083=DIRECTION('',(-0.707106781186548,5.33319449281174E-17,0.707106781186548));
#2084=DIRECTION('',(-7.54227598250786E-17,-1.,-7.47643611951567E-33));
#2085=DIRECTION('',(-0.577350269189626,0.577350269189626,-0.577350269189626));
#2086=DIRECTION('',(0.577350269189626,0.577350269189626,0.577350269189626));
#2087=DIRECTION('',(-0.707106781186547,5.33319449281173E-17,0.707106781186548));
#2088=DIRECTION('',(7.54227598250786E-17,1.,7.47643611951567E-33));
#2089=DIRECTION('',(-0.577350269189626,-0.577350269189626,-0.577350269189626));
#2090=DIRECTION('',(-0.577350269189626,0.577350269189626,-0.577350269189625));
#2091=DIRECTION('',(0.707106781186547,0.707106781186548,7.00934133340971E-17));
#2092=DIRECTION('',(9.91270557701033E-17,0.,-1.));
#2093=DIRECTION('',(-0.577350269189626,0.577350269189626,0.577350269189625));
#2094=DIRECTION('',(0.577350269189626,-0.577350269189626,-0.577350269189626));
#2095=DIRECTION('',(0.707106781186547,-5.33319449281173E-17,0.707106781186548));
#2096=DIRECTION('',(-7.54227598250786E-17,-1.,-7.47643611951567E-33));
#2097=DIRECTION('',(0.577350269189626,-0.577350269189626,-0.577350269189625));
#2098=DIRECTION('',(-0.707106781186547,5.33319449281173E-17,-0.707106781186548));
#2099=DIRECTION('',(-7.54227598250786E-17,-1.,-7.47643611951567E-33));
#2100=DIRECTION('',(-0.577350269189626,-0.577350269189625,0.577350269189626));
#2101=DIRECTION('',(0.577350269189626,-0.577350269189626,-0.577350269189625));
#2102=DIRECTION('',(0.707106781186547,-0.707106781186548,7.00934133340971E-17));
#2103=DIRECTION('',(-9.91270557701033E-17,0.,1.));
#2104=DIRECTION('',(0.577350269189627,0.577350269189626,0.577350269189625));
#2105=DIRECTION('',(0.577350269189626,0.577350269189625,0.577350269189625));
#2106=DIRECTION('',(0.707106781186547,-5.33319449281173E-17,-0.707106781186548));
#2107=DIRECTION('',(7.54227598250786E-17,1.,7.47643611951567E-33));
#2108=DIRECTION('',(0.577350269189626,0.577350269189626,0.577350269189625));
#2109=DIRECTION('',(0.707106781186548,0.707106781186547,7.00934133340971E-17));
#2110=DIRECTION('',(-9.91270557701033E-17,0.,1.));
#2111=DIRECTION('',(0.577350269189626,-0.577350269189626,0.577350269189626));
#2112=DIRECTION('',(0.707106781186548,-0.707106781186547,7.00934133340971E-17));
#2113=DIRECTION('',(9.91270557701033E-17,0.,-1.));
#2114=DIRECTION('',(0.577350269189626,0.577350269189626,-0.577350269189626));
#2115=DIRECTION('',(-7.00934133340971E-17,0.707106781186548,0.707106781186548));
#2116=DIRECTION('',(1.,0.,9.91270557701033E-17));
#2117=DIRECTION('',(7.00934133340971E-17,0.707106781186547,-0.707106781186548));
#2118=DIRECTION('',(-1.,0.,-9.91270557701033E-17));
#2119=DIRECTION('',(-0.707106781186548,5.33319449281174E-17,0.707106781186547));
#2120=DIRECTION('',(-7.54227598250786E-17,-1.,-7.47643611951567E-33));
#2121=DIRECTION('',(-0.707106781186547,5.33319449281173E-17,-0.707106781186548));
#2122=DIRECTION('',(7.54227598250786E-17,1.,7.47643611951567E-33));
#2123=DIRECTION('',(-0.707106781186547,5.33319449281173E-17,0.707106781186548));
#2124=DIRECTION('',(7.54227598250786E-17,1.,7.47643611951567E-33));
#2125=DIRECTION('',(0.707106781186548,-5.33319449281174E-17,-0.707106781186547));
#2126=DIRECTION('',(-7.54227598250786E-17,-1.,-7.47643611951567E-33));
#2127=DIRECTION('',(-0.707106781186548,5.33319449281174E-17,-0.707106781186547));
#2128=DIRECTION('',(-7.54227598250786E-17,-1.,-7.47643611951567E-33));
#2129=DIRECTION('',(0.707106781186547,-5.33319449281173E-17,0.707106781186548));
#2130=DIRECTION('',(7.54227598250786E-17,1.,7.47643611951567E-33));
#2131=DIRECTION('',(0.,1.,0.));
#2132=DIRECTION('',(0.,0.,1.));
#2133=DIRECTION('',(0.,1.,0.));
#2134=DIRECTION('',(0.,0.,1.));
#2135=DIRECTION('',(0.,1.,0.));
#2136=DIRECTION('',(0.,0.,1.));
#2137=DIRECTION('',(0.,1.,0.));
#2138=DIRECTION('',(0.,0.,1.));
#2139=DIRECTION('',(0.,1.,0.));
#2140=DIRECTION('',(0.,0.,1.));
#2141=DIRECTION('',(0.,-1.,0.));
#2142=DIRECTION('',(0.,0.,-1.));
#2143=DIRECTION('',(0.,1.,0.));
#2144=DIRECTION('',(0.,0.,1.));
#2145=DIRECTION('',(0.,-1.,0.));
#2146=DIRECTION('',(0.,0.,-1.));
#2147=DIRECTION('',(0.707106781186548,0.,-0.707106781186547));
#2148=DIRECTION('',(0.,1.,0.));
#2149=DIRECTION('',(-0.707106781186548,0.,-0.707106781186547));
#2150=DIRECTION('',(0.,-1.,0.));
#2151=DIRECTION('',(0.707106781186547,0.,0.707106781186548));
#2152=DIRECTION('',(0.,-1.,0.));
#2153=DIRECTION('',(-0.707106781186548,0.,0.707106781186547));
#2154=DIRECTION('',(0.,1.,0.));
#2155=CARTESIAN_POINT('',(0.,0.,0.));
#2156=CARTESIAN_POINT('',(-3.46944695195361E-18,-0.0325,-0.0226));
#2157=CARTESIAN_POINT('',(-3.46944695195361E-18,-0.0355,-0.0226));
#2158=CARTESIAN_POINT('',(-0.01535,-0.0355,-0.0226));
#2159=CARTESIAN_POINT('',(0.01535,-0.0355,-0.0226));
#2160=CARTESIAN_POINT('',(-0.01535,-0.0325,-0.0226));
#2161=CARTESIAN_POINT('',(-0.01535,-0.0325,-0.0226));
#2162=CARTESIAN_POINT('',(-3.46944695195361E-18,-0.0325,-0.0226));
#2163=CARTESIAN_POINT('',(0.01535,-0.0325,-0.0226));
#2164=CARTESIAN_POINT('',(0.01535,-0.0325,-0.0226));
#2165=CARTESIAN_POINT('',(0.01835,-0.0325,-0.006));
#2166=CARTESIAN_POINT('',(0.01835,-0.0325,-0.006));
#2167=CARTESIAN_POINT('',(0.01835,-0.0325,-0.0196));
#2168=CARTESIAN_POINT('',(0.01835,-0.0325,0.0076));
#2169=CARTESIAN_POINT('',(0.01835,-0.0355,0.0076));
#2170=CARTESIAN_POINT('',(0.01835,-0.0355,0.0076));
#2171=CARTESIAN_POINT('',(0.01835,-0.0355,-0.006));
#2172=CARTESIAN_POINT('',(0.01835,-0.0355,-0.0196));
#2173=CARTESIAN_POINT('',(0.01835,-0.0325,-0.0196));
#2174=CARTESIAN_POINT('',(-6.93889390390723E-18,-0.0325,0.0106));
#2175=CARTESIAN_POINT('',(-6.93889390390723E-18,-0.0325,0.0106));
#2176=CARTESIAN_POINT('',(-0.01535,-0.0325,0.0106));
#2177=CARTESIAN_POINT('',(0.01535,-0.0325,0.0106));
#2178=CARTESIAN_POINT('',(-0.01535,-0.0325,0.0106));
#2179=CARTESIAN_POINT('',(-0.01535,-0.0355,0.0106));
#2180=CARTESIAN_POINT('',(-6.93889390390723E-18,-0.0355,0.0106));
#2181=CARTESIAN_POINT('',(0.01535,-0.0355,0.0106));
#2182=CARTESIAN_POINT('',(0.01535,-0.0325,0.0106));
#2183=CARTESIAN_POINT('',(-0.01835,-0.0325,-0.006));
#2184=CARTESIAN_POINT('',(-0.01835,-0.0355,-0.006));
#2185=CARTESIAN_POINT('',(-0.01835,-0.0355,-0.0196));
#2186=CARTESIAN_POINT('',(-0.01835,-0.0355,0.0076));
#2187=CARTESIAN_POINT('',(-0.01835,-0.0325,0.0076));
#2188=CARTESIAN_POINT('',(-0.01835,-0.0325,0.0076));
#2189=CARTESIAN_POINT('',(-0.01835,-0.0325,-0.006));
#2190=CARTESIAN_POINT('',(-0.01835,-0.0325,-0.0196));
#2191=CARTESIAN_POINT('',(-0.01835,-0.0355,-0.0196));
#2192=CARTESIAN_POINT('',(-6.93889390390723E-18,-0.0325,-0.006));
#2193=CARTESIAN_POINT('',(-0.01535,-0.0325,0.0106));
#2194=CARTESIAN_POINT('',(0.01835,-0.0325,0.0076));
#2195=CARTESIAN_POINT('',(0.01535,-0.0325,-0.0226));
#2196=CARTESIAN_POINT('',(-0.01835,-0.0325,-0.0196));
#2197=CARTESIAN_POINT('',(-6.93889390390723E-18,-0.0355,-0.006));
#2198=CARTESIAN_POINT('',(-0.015975,-0.0355,0.009975));
#2199=CARTESIAN_POINT('',(-0.015975,-0.0355,-0.021975));
#2200=CARTESIAN_POINT('',(0.015975,-0.0355,-0.021975));
#2201=CARTESIAN_POINT('',(0.015975,-0.0355,0.009975));
#2202=CARTESIAN_POINT('',(-0.01535,-0.0325,0.0106));
#2203=CARTESIAN_POINT('',(-0.01835,-0.0325,-0.0196));
#2204=CARTESIAN_POINT('',(0.01835,-0.0325,0.0076));
#2205=CARTESIAN_POINT('',(0.01535,-0.0325,-0.0226));
#2206=CARTESIAN_POINT('',(0.,0.,0.));
#2207=CARTESIAN_POINT('',(-0.014,-0.0135,0.01225));
#2208=CARTESIAN_POINT('',(-0.014,-0.0135,0.00575));
#2209=CARTESIAN_POINT('',(-0.014,-0.0135,0.00775));
#2210=CARTESIAN_POINT('',(-0.014,-0.0135,0.00375));
#2211=CARTESIAN_POINT('',(-0.014,-0.0135,-0.01225));
#2212=CARTESIAN_POINT('',(-0.014,-0.0135,0.00925));
#2213=CARTESIAN_POINT('',(-0.013,-0.0125,0.01025));
#2214=CARTESIAN_POINT('',(-0.017,-0.0165,0.00625));
#2215=CARTESIAN_POINT('',(-0.017,-0.0165,0.00925));
#2216=CARTESIAN_POINT('',(-0.017,-0.0165,-0.01525));
#2217=CARTESIAN_POINT('',(-0.00583333333333334,-0.00533333333333334,-0.00408333333333332));
#2218=CARTESIAN_POINT('',(-0.014,-0.0135,-0.01225));
#2219=CARTESIAN_POINT('',(-0.014,-0.0135,-0.01225));
#2220=CARTESIAN_POINT('',(0.017,-0.0165,-0.02425));
#2221=CARTESIAN_POINT('',(0.014,-0.0135,-0.00575));
#2222=CARTESIAN_POINT('',(0.014,-0.0135,-0.00775));
#2223=CARTESIAN_POINT('',(0.014,-0.0135,-0.00375));
#2224=CARTESIAN_POINT('',(0.014,-0.0135,0.01225));
#2225=CARTESIAN_POINT('',(0.014,-0.0135,-0.01225));
#2226=CARTESIAN_POINT('',(0.02,-0.0195,-0.01825));
#2227=CARTESIAN_POINT('',(0.017,-0.0165,-0.01525));
#2228=CARTESIAN_POINT('',(0.017,-0.0165,-0.02425));
#2229=CARTESIAN_POINT('',(0.017,-0.0165,0.00625));
#2230=CARTESIAN_POINT('',(0.0271666666666667,-0.0266666666666667,-0.00391666666666666));
#2231=CARTESIAN_POINT('',(0.014,-0.0135,0.00925));
#2232=CARTESIAN_POINT('',(0.014,-0.0135,0.01225));
#2233=CARTESIAN_POINT('',(0.017,-0.0125,-0.02425));
#2234=CARTESIAN_POINT('',(0.017,0.0075,-0.02425));
#2235=CARTESIAN_POINT('',(0.017,0.0075,-0.01825));
#2236=CARTESIAN_POINT('',(0.017,0.0075,-0.01525));
#2237=CARTESIAN_POINT('',(0.017,-0.0325,-0.01825));
#2238=CARTESIAN_POINT('',(0.017,-0.0325,-0.01825));
#2239=CARTESIAN_POINT('',(0.017,-0.0325,-0.02425));
#2240=CARTESIAN_POINT('',(0.017,-0.0325,0.00625));
#2241=CARTESIAN_POINT('',(0.017,-0.0135,0.00625));
#2242=CARTESIAN_POINT('',(0.017,-0.0125,-0.01525));
#2243=CARTESIAN_POINT('',(-0.017,-0.0125,-0.02425));
#2244=CARTESIAN_POINT('',(-0.017,-0.0325,-0.02425));
#2245=CARTESIAN_POINT('',(-0.017,-0.0325,-0.01825));
#2246=CARTESIAN_POINT('',(-0.017,-0.0325,0.00625));
#2247=CARTESIAN_POINT('',(-0.017,-0.0125,-0.01825));
#2248=CARTESIAN_POINT('',(-0.017,0.0075,-0.01825));
#2249=CARTESIAN_POINT('',(-0.017,0.0075,-0.02425));
#2250=CARTESIAN_POINT('',(-0.017,0.0075,-0.01525));
#2251=CARTESIAN_POINT('',(-0.017,-0.0135,-0.01525));
#2252=CARTESIAN_POINT('',(-0.017,-0.0125,0.00625));
#2253=CARTESIAN_POINT('',(-4.83244396879253E-18,-0.0125,-0.02125));
#2254=CARTESIAN_POINT('',(1.4373423086665E-18,-0.029,-0.02125));
#2255=CARTESIAN_POINT('',(-0.00225,-0.029,-0.02125));
#2256=CARTESIAN_POINT('',(-5.74936923466599E-18,-0.0325,-0.02125));
#2257=CARTESIAN_POINT('',(-0.014,-0.0325,-0.02125));
#2258=CARTESIAN_POINT('',(0.014,-0.0325,-0.02125));
#2259=CARTESIAN_POINT('',(0.014,0.0075,-0.02125));
#2260=CARTESIAN_POINT('',(0.014,0.0075,-0.02125));
#2261=CARTESIAN_POINT('',(-2.27992228271238E-18,0.0075,-0.02125));
#2262=CARTESIAN_POINT('',(-0.014,0.0075,-0.02125));
#2263=CARTESIAN_POINT('',(-0.014,-0.0125,-0.02125));
#2264=CARTESIAN_POINT('',(-4.38637221782707E-18,-0.0125,0.00925));
#2265=CARTESIAN_POINT('',(-4.38637221782707E-18,-0.0325,0.00925));
#2266=CARTESIAN_POINT('',(-0.014,-0.0325,0.00925));
#2267=CARTESIAN_POINT('',(0.014,-0.0325,0.00925));
#2268=CARTESIAN_POINT('',(-0.014,-0.0125,0.00925));
#2269=CARTESIAN_POINT('',(-5.30329748370053E-18,-0.0135,0.00925));
#2270=CARTESIAN_POINT('',(0.014,-0.0325,0.00925));
#2271=CARTESIAN_POINT('',(-6.02196863803377E-18,-0.0125,-0.00925));
#2272=CARTESIAN_POINT('',(-3.46944695195361E-18,-0.0105,-0.00925));
#2273=CARTESIAN_POINT('',(0.017,-0.0105,-0.00925));
#2274=CARTESIAN_POINT('',(0.0035,-0.0105,-0.00925));
#2275=CARTESIAN_POINT('',(0.017,0.0105,-0.00925));
#2276=CARTESIAN_POINT('',(0.017,0.0105,-0.00925));
#2277=CARTESIAN_POINT('',(-3.46944695195361E-18,0.0105,-0.00925));
#2278=CARTESIAN_POINT('',(-0.017,0.0105,-0.00925));
#2279=CARTESIAN_POINT('',(-0.017,-0.0125,-0.00925));
#2280=CARTESIAN_POINT('',(-0.017,-0.0105,-0.00925));
#2281=CARTESIAN_POINT('',(-3.46944695195361E-18,-0.0105,-0.00925));
#2282=CARTESIAN_POINT('',(-0.0035,-0.0105,-0.00925));
#2283=CARTESIAN_POINT('',(-0.0035,-0.008,-0.00925));
#2284=CARTESIAN_POINT('',(-0.006,-0.008,-0.00925));
#2285=CARTESIAN_POINT('',(-0.006,-0.00725,-0.00925));
#2286=CARTESIAN_POINT('',(-0.006,-0.0065,-0.00925));
#2287=CARTESIAN_POINT('',(-0.0035,-0.0065,-0.00925));
#2288=CARTESIAN_POINT('',(-0.0035,-0.004,-0.00925));
#2289=CARTESIAN_POINT('',(-2.9738116731031E-19,-0.004,-0.00925));
#2290=CARTESIAN_POINT('',(0.0035,-0.004,-0.00925));
#2291=CARTESIAN_POINT('',(0.0035,-0.0065,-0.00925));
#2292=CARTESIAN_POINT('',(0.006,-0.0065,-0.00925));
#2293=CARTESIAN_POINT('',(0.006,-0.00725,-0.00925));
#2294=CARTESIAN_POINT('',(0.006,-0.008,-0.00925));
#2295=CARTESIAN_POINT('',(0.0035,-0.008,-0.00925));
#2296=CARTESIAN_POINT('',(-1.98254111540206E-18,0.0105,-0.02425));
#2297=CARTESIAN_POINT('',(0.017,0.0105,-0.02425));
#2298=CARTESIAN_POINT('',(0.017,0.0105,-0.02125));
#2299=CARTESIAN_POINT('',(-0.017,0.0105,-0.02125));
#2300=CARTESIAN_POINT('',(-0.017,0.0105,-0.02125));
#2301=CARTESIAN_POINT('',(-0.017,0.0105,-0.02425));
#2302=CARTESIAN_POINT('',(0.02,-0.0125,-0.02425));
#2303=CARTESIAN_POINT('',(0.02,-0.0105,-0.01225));
#2304=CARTESIAN_POINT('',(0.02,0.0075,-0.01225));
#2305=CARTESIAN_POINT('',(0.02,-0.0135,-0.01225));
#2306=CARTESIAN_POINT('',(0.02,-0.0135,0.00925));
#2307=CARTESIAN_POINT('',(0.02,-0.0135,0.00925));
#2308=CARTESIAN_POINT('',(0.02,-0.0125,0.00925));
#2309=CARTESIAN_POINT('',(0.02,-0.0295,0.00925));
#2310=CARTESIAN_POINT('',(0.02,-0.0295,-0.02425));
#2311=CARTESIAN_POINT('',(0.02,-0.0295,-0.02125));
#2312=CARTESIAN_POINT('',(0.02,-0.0125,-0.02125));
#2313=CARTESIAN_POINT('',(0.02,0.0075,-0.02125));
#2314=CARTESIAN_POINT('',(0.02,0.0075,-0.00925));
#2315=CARTESIAN_POINT('',(-5.45198806735568E-18,-0.0355,-0.02425));
#2316=CARTESIAN_POINT('',(-0.03,-0.0355,-0.006));
#2317=CARTESIAN_POINT('',(-0.03,-0.0355,-0.0085));
#2318=CARTESIAN_POINT('',(0.03,-0.0355,-0.006));
#2319=CARTESIAN_POINT('',(0.03,-0.0355,-0.0085));
#2320=CARTESIAN_POINT('',(-6.93889390390723E-18,-0.0355,-0.02275));
#2321=CARTESIAN_POINT('',(-0.0155,-0.0355,-0.02275));
#2322=CARTESIAN_POINT('',(0.0155,-0.0355,-0.02275));
#2323=CARTESIAN_POINT('',(-0.0155,-0.0355,-0.02275));
#2324=CARTESIAN_POINT('',(-0.0185,-0.0355,-0.01975));
#2325=CARTESIAN_POINT('',(-0.0185,-0.0355,-0.006));
#2326=CARTESIAN_POINT('',(-0.0185,-0.0355,0.00775));
#2327=CARTESIAN_POINT('',(-0.0185,-0.0355,0.00775));
#2328=CARTESIAN_POINT('',(-0.0155,-0.0355,0.01075));
#2329=CARTESIAN_POINT('',(-1.04083408558608E-17,-0.0355,0.01075));
#2330=CARTESIAN_POINT('',(0.0155,-0.0355,0.01075));
#2331=CARTESIAN_POINT('',(0.0155,-0.0355,0.01075));
#2332=CARTESIAN_POINT('',(0.0185,-0.0355,0.00775));
#2333=CARTESIAN_POINT('',(0.0185,-0.0355,-0.006));
#2334=CARTESIAN_POINT('',(0.0185,-0.0355,-0.01975));
#2335=CARTESIAN_POINT('',(0.0185,-0.0355,-0.01975));
#2336=CARTESIAN_POINT('',(-9.07012560296445E-18,-0.0355,0.01225));
#2337=CARTESIAN_POINT('',(-0.0189912076468847,-0.0355,0.01225));
#2338=CARTESIAN_POINT('',(0.0189912076468847,-0.0355,0.01225));
#2339=CARTESIAN_POINT('',(-0.0189912076468847,-0.0355,0.00925));
#2340=CARTESIAN_POINT('',(-0.0208038324224921,-0.0355,0.0116404793291));
#2341=CARTESIAN_POINT('',(-0.0275678850987771,-0.0355,0.00651151238289162));
#2342=CARTESIAN_POINT('',(-0.0351357701975543,-0.0355,0.000773024765783221));
#2343=CARTESIAN_POINT('',(-0.03,-0.0355,-0.006));
#2344=CARTESIAN_POINT('',(-0.0351357701975543,-0.0355,-0.0127730247657832));
#2345=CARTESIAN_POINT('',(-0.0275678850987771,-0.0355,-0.0185115123828916));
#2346=CARTESIAN_POINT('',(-0.0208038324224921,-0.0355,-0.0236404793291));
#2347=CARTESIAN_POINT('',(-0.0189912076468846,-0.0355,-0.02125));
#2348=CARTESIAN_POINT('',(-0.0189912076468846,-0.0355,-0.02425));
#2349=CARTESIAN_POINT('',(-5.45198806735568E-18,-0.0355,-0.02425));
#2350=CARTESIAN_POINT('',(0.0189912076468846,-0.0355,-0.02425));
#2351=CARTESIAN_POINT('',(0.0189912076468846,-0.0355,-0.02125));
#2352=CARTESIAN_POINT('',(0.0208038324224921,-0.0355,-0.0236404793291));
#2353=CARTESIAN_POINT('',(0.0275678850987771,-0.0355,-0.0185115123828916));
#2354=CARTESIAN_POINT('',(0.0351357701975543,-0.0355,-0.0127730247657832));
#2355=CARTESIAN_POINT('',(0.03,-0.0355,-0.006));
#2356=CARTESIAN_POINT('',(0.0351357701975543,-0.0355,0.000773024765783226));
#2357=CARTESIAN_POINT('',(0.0275678850987771,-0.0355,0.00651151238289162));
#2358=CARTESIAN_POINT('',(0.0208038324224921,-0.0355,0.0116404793291));
#2359=CARTESIAN_POINT('',(0.0189912076468847,-0.0355,0.00925));
#2360=CARTESIAN_POINT('',(-0.02,-0.0125,-0.02425));
#2361=CARTESIAN_POINT('',(-0.02,-0.0105,0.00925));
#2362=CARTESIAN_POINT('',(-0.02,-0.0295,0.00925));
#2363=CARTESIAN_POINT('',(-0.02,-0.0135,0.00925));
#2364=CARTESIAN_POINT('',(-0.02,-0.0135,-0.02425));
#2365=CARTESIAN_POINT('',(-0.02,-0.0135,-0.01225));
#2366=CARTESIAN_POINT('',(-0.02,-0.0125,-0.01225));
#2367=CARTESIAN_POINT('',(-0.02,0.0075,-0.01225));
#2368=CARTESIAN_POINT('',(-0.02,0.0075,-0.02425));
#2369=CARTESIAN_POINT('',(-0.02,0.0075,-0.02125));
#2370=CARTESIAN_POINT('',(-0.02,-0.0295,-0.02125));
#2371=CARTESIAN_POINT('',(-0.02,-0.0295,-0.02125));
#2372=CARTESIAN_POINT('',(-0.02,-0.0295,-0.02425));
#2373=CARTESIAN_POINT('',(-4.53506280148223E-18,-0.0125,-0.02425));
#2374=CARTESIAN_POINT('',(1.7347234759768E-18,-0.029,-0.02425));
#2375=CARTESIAN_POINT('',(-0.00225,-0.029,-0.02425));
#2376=CARTESIAN_POINT('',(-0.0189912076468846,-0.0295,-0.02425));
#2377=CARTESIAN_POINT('',(-0.0189912076468846,-0.0295,-0.02425));
#2378=CARTESIAN_POINT('',(1.80906876780439E-18,-0.0295,-0.02425));
#2379=CARTESIAN_POINT('',(-0.017,-0.0295,-0.02425));
#2380=CARTESIAN_POINT('',(-0.017,0.0105,-0.02425));
#2381=CARTESIAN_POINT('',(-0.017,0.0075,-0.02425));
#2382=CARTESIAN_POINT('',(0.017,0.0075,-0.02425));
#2383=CARTESIAN_POINT('',(0.017,0.0075,-0.02425));
#2384=CARTESIAN_POINT('',(0.017,-0.0125,-0.02425));
#2385=CARTESIAN_POINT('',(0.017,-0.0295,-0.02425));
#2386=CARTESIAN_POINT('',(1.80906876780439E-18,-0.0295,-0.02425));
#2387=CARTESIAN_POINT('',(0.0189912076468846,-0.0295,-0.02425));
#2388=CARTESIAN_POINT('',(0.0189912076468846,-0.0125,-0.02425));
#2389=CARTESIAN_POINT('',(-5.60067865101083E-18,-0.0105,0.01225));
#2390=CARTESIAN_POINT('',(-0.014,-0.0105,0.00575));
#2391=CARTESIAN_POINT('',(-0.014,-0.0105,0.007));
#2392=CARTESIAN_POINT('',(0.014,-0.0105,-0.00575));
#2393=CARTESIAN_POINT('',(0.014,-0.0105,-0.0045));
#2394=CARTESIAN_POINT('',(-0.017,-0.0105,0.01225));
#2395=CARTESIAN_POINT('',(-0.017,-0.0105,0.00925));
#2396=CARTESIAN_POINT('',(0.017,-0.0105,0.00925));
#2397=CARTESIAN_POINT('',(0.017,-0.0105,0.00925));
#2398=CARTESIAN_POINT('',(0.017,-0.0105,-0.01225));
#2399=CARTESIAN_POINT('',(0.0035,-0.0105,-0.01225));
#2400=CARTESIAN_POINT('',(0.0035,-0.0105,-0.01225));
#2401=CARTESIAN_POINT('',(-2.21594012954073E-50,-0.0105,-0.01225));
#2402=CARTESIAN_POINT('',(-0.0035,-0.0105,-0.01225));
#2403=CARTESIAN_POINT('',(-0.0035,-0.0105,0.01225));
#2404=CARTESIAN_POINT('',(-4.68375338513738E-18,-0.0125,0.01225));
#2405=CARTESIAN_POINT('',(-1.80906876780439E-18,-0.0295,0.01225));
#2406=CARTESIAN_POINT('',(-0.017,-0.0295,0.01225));
#2407=CARTESIAN_POINT('',(-0.0189912076468847,-0.0295,0.01225));
#2408=CARTESIAN_POINT('',(-0.0189912076468847,-0.0125,0.01225));
#2409=CARTESIAN_POINT('',(0.0189912076468847,-0.0295,0.01225));
#2410=CARTESIAN_POINT('',(0.0189912076468847,-0.0295,0.01225));
#2411=CARTESIAN_POINT('',(-1.80906876780439E-18,-0.0295,0.01225));
#2412=CARTESIAN_POINT('',(0.017,-0.0295,0.01225));
#2413=CARTESIAN_POINT('',(0.017,-0.0125,0.01225));
#2414=CARTESIAN_POINT('',(0.017,-0.0135,0.01225));
#2415=CARTESIAN_POINT('',(-0.017,-0.0135,0.01225));
#2416=CARTESIAN_POINT('',(-0.017,-0.0135,0.01225));
#2417=CARTESIAN_POINT('',(-0.017,-0.0295,0.01225));
#2418=CARTESIAN_POINT('',(-5.72458747072346E-18,-0.0125,-0.01225));
#2419=CARTESIAN_POINT('',(0.006,-0.00725,-0.01225));
#2420=CARTESIAN_POINT('',(0.006,-0.0065,-0.01225));
#2421=CARTESIAN_POINT('',(0.006,-0.008,-0.01225));
#2422=CARTESIAN_POINT('',(0.0035,-0.0065,-0.01225));
#2423=CARTESIAN_POINT('',(0.0035,-0.004,-0.01225));
#2424=CARTESIAN_POINT('',(-2.21594012954073E-50,-0.004,-0.01225));
#2425=CARTESIAN_POINT('',(-0.0035,-0.004,-0.01225));
#2426=CARTESIAN_POINT('',(-0.0035,-0.0065,-0.01225));
#2427=CARTESIAN_POINT('',(-0.006,-0.0065,-0.01225));
#2428=CARTESIAN_POINT('',(-0.006,-0.00725,-0.01225));
#2429=CARTESIAN_POINT('',(-0.006,-0.008,-0.01225));
#2430=CARTESIAN_POINT('',(-0.0035,-0.008,-0.01225));
#2431=CARTESIAN_POINT('',(0.0035,-0.008,-0.01225));
#2432=CARTESIAN_POINT('',(-5.72458747072346E-18,-0.0135,-0.01225));
#2433=CARTESIAN_POINT('',(-0.014,0.0075,-0.01225));
#2434=CARTESIAN_POINT('',(-0.014,0.0075,-0.01225));
#2435=CARTESIAN_POINT('',(-3.1720657846433E-18,0.0075,-0.01225));
#2436=CARTESIAN_POINT('',(0.014,0.0075,-0.01225));
#2437=CARTESIAN_POINT('',(0.014,-0.0125,-0.01225));
#2438=CARTESIAN_POINT('',(-1.98254111540206E-18,0.0075,-0.02425));
#2439=CARTESIAN_POINT('',(0.0055,0.0075,-0.02975));
#2440=CARTESIAN_POINT('',(0.013,0.0075,-0.01125));
#2441=CARTESIAN_POINT('',(-0.013,0.0075,-0.01125));
#2442=CARTESIAN_POINT('',(-0.0055,0.0075,-0.02975));
#2443=CARTESIAN_POINT('',(-5.60067865101083E-18,-0.0135,0.01225));
#2444=CARTESIAN_POINT('',(-0.014,-0.0135,0.00575));
#2445=CARTESIAN_POINT('',(-0.014,-0.0135,0.007));
#2446=CARTESIAN_POINT('',(0.014,-0.0135,-0.00575));
#2447=CARTESIAN_POINT('',(0.014,-0.0135,-0.0045));
#2448=CARTESIAN_POINT('',(-0.014,-0.0135,0.00575));
#2449=CARTESIAN_POINT('',(0.014,-0.0135,-0.00575));
#2450=CARTESIAN_POINT('',(0.006,-0.00725,0.012252));
#2451=CARTESIAN_POINT('',(0.006,-0.0065,0.012252));
#2452=CARTESIAN_POINT('',(0.006,-0.008,-0.00925));
#2453=CARTESIAN_POINT('',(-2.42881112047907E-18,-0.004,0.012252));
#2454=CARTESIAN_POINT('',(-0.0035,-0.004,-0.01225));
#2455=CARTESIAN_POINT('',(0.0035,-0.004,0.012252));
#2456=CARTESIAN_POINT('',(-0.006,-0.00725,0.012252));
#2457=CARTESIAN_POINT('',(-0.006,-0.0065,-0.00925));
#2458=CARTESIAN_POINT('',(-0.006,-0.008,0.012252));
#2459=CARTESIAN_POINT('',(-0.0035,-0.0065,0.012252));
#2460=CARTESIAN_POINT('',(-0.0035,-0.008,0.012252));
#2461=CARTESIAN_POINT('',(0.0035,-0.0065,0.012252));
#2462=CARTESIAN_POINT('',(0.0035,-0.008,0.01225));
#2463=CARTESIAN_POINT('',(-1.8836123137435E-18,-0.029,0.012252));
#2464=CARTESIAN_POINT('',(-6.93889390390723E-18,-0.0325,-0.02275));
#2465=CARTESIAN_POINT('',(-6.93889390390723E-18,-0.0325,-0.02275));
#2466=CARTESIAN_POINT('',(-0.0155,-0.0325,-0.02275));
#2467=CARTESIAN_POINT('',(0.0155,-0.0325,-0.02275));
#2468=CARTESIAN_POINT('',(-0.0155,-0.0325,-0.02275));
#2469=CARTESIAN_POINT('',(0.0155,-0.0325,-0.02275));
#2470=CARTESIAN_POINT('',(0.0185,-0.0325,-0.006));
#2471=CARTESIAN_POINT('',(0.0185,-0.0325,0.00775));
#2472=CARTESIAN_POINT('',(0.0185,-0.0325,0.00775));
#2473=CARTESIAN_POINT('',(0.0185,-0.0325,-0.006));
#2474=CARTESIAN_POINT('',(0.0185,-0.0325,-0.01975));
#2475=CARTESIAN_POINT('',(0.0185,-0.0355,-0.01975));
#2476=CARTESIAN_POINT('',(-1.04083408558608E-17,-0.0325,0.01075));
#2477=CARTESIAN_POINT('',(-0.0155,-0.0325,0.01075));
#2478=CARTESIAN_POINT('',(-0.0155,-0.0325,0.01075));
#2479=CARTESIAN_POINT('',(-1.04083408558608E-17,-0.0325,0.01075));
#2480=CARTESIAN_POINT('',(0.0155,-0.0325,0.01075));
#2481=CARTESIAN_POINT('',(0.0155,-0.0325,0.01075));
#2482=CARTESIAN_POINT('',(-0.0185,-0.0325,-0.006));
#2483=CARTESIAN_POINT('',(-0.0185,-0.0325,-0.006));
#2484=CARTESIAN_POINT('',(-0.0185,-0.0325,-0.01975));
#2485=CARTESIAN_POINT('',(-0.0185,-0.0325,0.00775));
#2486=CARTESIAN_POINT('',(-0.0185,-0.0355,0.00775));
#2487=CARTESIAN_POINT('',(-0.0185,-0.0325,-0.01975));
#2488=CARTESIAN_POINT('',(-6.93889390390723E-18,-0.0325,-0.006));
#2489=CARTESIAN_POINT('',(0.014,-0.0325,-0.02125));
#2490=CARTESIAN_POINT('',(-0.017,-0.0325,-0.01825));
#2491=CARTESIAN_POINT('',(-0.014,-0.0325,0.00925));
#2492=CARTESIAN_POINT('',(0.017,-0.0325,0.00625));
#2493=CARTESIAN_POINT('',(-0.016125,-0.0325,0.010125));
#2494=CARTESIAN_POINT('',(-0.016125,-0.0325,-0.022125));
#2495=CARTESIAN_POINT('',(0.016125,-0.0325,-0.022125));
#2496=CARTESIAN_POINT('',(0.016125,-0.0325,0.010125));
#2497=CARTESIAN_POINT('',(-0.03,-0.0295,-0.006));
#2498=CARTESIAN_POINT('',(-0.0351357701975543,-0.0295,0.000773024765783221));
#2499=CARTESIAN_POINT('',(-0.0351357701975543,-0.0295,0.000773024765783221));
#2500=CARTESIAN_POINT('',(-0.03,-0.0295,-0.006));
#2501=CARTESIAN_POINT('',(-0.0351357701975543,-0.0295,-0.0127730247657832));
#2502=CARTESIAN_POINT('',(-0.0351357701975543,-0.0295,-0.0127730247657832));
#2503=CARTESIAN_POINT('',(-0.0275678850987771,-0.0295,-0.0185115123828916));
#2504=CARTESIAN_POINT('',(-0.0275678850987771,-0.0295,-0.0185115123828916));
#2505=CARTESIAN_POINT('',(-0.0208038324224921,-0.0295,-0.0236404793291));
#2506=CARTESIAN_POINT('',(-0.0208038324224921,-0.0355,-0.0236404793291));
#2507=CARTESIAN_POINT('',(-0.0275678850987771,-0.0295,0.00651151238289162));
#2508=CARTESIAN_POINT('',(-0.0208038324224921,-0.0295,0.0116404793291));
#2509=CARTESIAN_POINT('',(-0.0208038324224921,-0.0295,0.0116404793291));
#2510=CARTESIAN_POINT('',(-0.0275678850987771,-0.0295,0.00651151238289162));
#2511=CARTESIAN_POINT('',(0.,-0.0295,-0.006));
#2512=CARTESIAN_POINT('',(-0.03,-0.0295,-0.006));
#2513=CARTESIAN_POINT('',(-0.03,-0.0295,-0.012));
#2514=CARTESIAN_POINT('',(-0.0189912076468847,-0.0295,0.00925));
#2515=CARTESIAN_POINT('',(-0.017625,-0.0295,0.011625));
#2516=CARTESIAN_POINT('',(-0.017625,-0.0295,-0.023625));
#2517=CARTESIAN_POINT('',(-0.0189912076468846,-0.0295,-0.02125));
#2518=CARTESIAN_POINT('',(0.03,-0.0295,-0.006));
#2519=CARTESIAN_POINT('',(0.0351357701975543,-0.0295,-0.0127730247657832));
#2520=CARTESIAN_POINT('',(0.0351357701975543,-0.0295,-0.0127730247657832));
#2521=CARTESIAN_POINT('',(0.03,-0.0295,-0.006));
#2522=CARTESIAN_POINT('',(0.0351357701975543,-0.0295,0.000773024765783226));
#2523=CARTESIAN_POINT('',(0.0351357701975543,-0.0295,0.000773024765783226));
#2524=CARTESIAN_POINT('',(0.0275678850987771,-0.0295,0.00651151238289162));
#2525=CARTESIAN_POINT('',(0.0275678850987771,-0.0295,0.00651151238289162));
#2526=CARTESIAN_POINT('',(0.0208038324224921,-0.0295,0.0116404793291));
#2527=CARTESIAN_POINT('',(0.0208038324224921,-0.0355,0.0116404793291));
#2528=CARTESIAN_POINT('',(0.0275678850987771,-0.0295,-0.0185115123828916));
#2529=CARTESIAN_POINT('',(0.0208038324224921,-0.0295,-0.0236404793291));
#2530=CARTESIAN_POINT('',(0.0208038324224921,-0.0295,-0.0236404793291));
#2531=CARTESIAN_POINT('',(0.0275678850987771,-0.0295,-0.0185115123828916));
#2532=CARTESIAN_POINT('',(0.,-0.0295,-0.006));
#2533=CARTESIAN_POINT('',(0.03,-0.0295,-0.006));
#2534=CARTESIAN_POINT('',(0.03,-0.0295,-0.012));
#2535=CARTESIAN_POINT('',(0.0189912076468846,-0.0295,-0.02125));
#2536=CARTESIAN_POINT('',(0.017625,-0.0295,-0.023625));
#2537=CARTESIAN_POINT('',(0.017625,-0.0295,0.011625));
#2538=CARTESIAN_POINT('',(0.0189912076468847,-0.0295,0.00925));
#2539=CARTESIAN_POINT('',(0.03,-0.0295,-0.006));
#2540=CARTESIAN_POINT('',(0.03,-0.031,-0.006));
#2541=CARTESIAN_POINT('',(0.03,-0.031,-0.0085));
#2542=CARTESIAN_POINT('',(0.036,-0.031,-0.006));
#2543=CARTESIAN_POINT('',(0.03,-0.031,-0.006));
#2544=CARTESIAN_POINT('',(0.03,-0.031,-0.012));
#2545=CARTESIAN_POINT('',(0.03,-0.0295,-0.006));
#2546=CARTESIAN_POINT('',(-0.03,-0.0295,-0.006));
#2547=CARTESIAN_POINT('',(-0.03,-0.031,-0.006));
#2548=CARTESIAN_POINT('',(-0.03,-0.031,-0.0085));
#2549=CARTESIAN_POINT('',(-0.024,-0.031,-0.006));
#2550=CARTESIAN_POINT('',(-0.03,-0.031,-0.006));
#2551=CARTESIAN_POINT('',(-0.03,-0.031,-0.012));
#2552=CARTESIAN_POINT('',(-0.03,-0.0295,-0.006));
#2553=CARTESIAN_POINT('',(0.017,-0.0125,0.01225));
#2554=CARTESIAN_POINT('',(0.0176666666666666,-0.0111666666666667,0.0115833333333333));
#2555=CARTESIAN_POINT('',(0.0185,-0.012,0.01075));
#2556=CARTESIAN_POINT('',(0.0173333333333333,-0.0131666666666667,0.0119166666666667));
#2557=CARTESIAN_POINT('',(-0.02,-0.0125,0.00925));
#2558=CARTESIAN_POINT('',(-0.0193333333333334,-0.0111666666666667,0.00991666666666668));
#2559=CARTESIAN_POINT('',(-0.0185,-0.012,0.01075));
#2560=CARTESIAN_POINT('',(-0.0196666666666666,-0.0131666666666667,0.00958333333333334));
#2561=CARTESIAN_POINT('',(0.02,-0.0125,-0.02125));
#2562=CARTESIAN_POINT('',(0.0123333333333333,0.00283333333333333,-0.0289166666666667));
#2563=CARTESIAN_POINT('',(0.0185,0.009,-0.02275));
#2564=CARTESIAN_POINT('',(0.0266666666666667,0.000833333333333334,-0.0145833333333333));
#2565=CARTESIAN_POINT('',(0.02,0.0075,-0.02425));
#2566=CARTESIAN_POINT('',(0.02,0.0075,-0.02425));
#2567=CARTESIAN_POINT('',(0.024,0.0035,-0.01625));
#2568=CARTESIAN_POINT('',(0.017,-0.0125,-0.00925));
#2569=CARTESIAN_POINT('',(0.00983333333333333,-0.00333333333333333,-0.00208333333333333));
#2570=CARTESIAN_POINT('',(-0.017,-0.0125,-0.02425));
#2571=CARTESIAN_POINT('',(-0.0246666666666667,0.00283333333333335,-0.0165833333333334));
#2572=CARTESIAN_POINT('',(-0.0185,0.009,-0.02275));
#2573=CARTESIAN_POINT('',(-0.0103333333333333,0.000833333333333335,-0.0309166666666667));
#2574=CARTESIAN_POINT('',(-0.017,0.0105,-0.02425));
#2575=CARTESIAN_POINT('',(-0.018,0.0095,-0.02225));
#2576=CARTESIAN_POINT('',(-0.022,0.0055,-0.01425));
#2577=CARTESIAN_POINT('',(-0.02,-0.0125,-0.01225));
#2578=CARTESIAN_POINT('',(-0.024,-0.0175,-0.01625));
#2579=CARTESIAN_POINT('',(0.017,-0.0105,0.01225));
#2580=CARTESIAN_POINT('',(0.018,-0.0115,0.01025));
#2581=CARTESIAN_POINT('',(-0.02,-0.0135,-0.02425));
#2582=CARTESIAN_POINT('',(-0.0133333333333333,-0.00683333333333334,0.00558333333333335));
#2583=CARTESIAN_POINT('',(-4.68375338513738E-18,-0.0135,0.01225));
#2584=CARTESIAN_POINT('',(-4.53506280148223E-18,0.0075,-0.02425));
#2585=CARTESIAN_POINT('',(0.014,-0.0125,-0.02125));
#2586=CARTESIAN_POINT('',(-0.017,-0.0125,-0.01825));
#2587=CARTESIAN_POINT('',(-0.014,-0.0125,0.00925));
#2588=CARTESIAN_POINT('',(-0.014,-0.0125,-0.01225));
#2589=CARTESIAN_POINT('',(0.017,-0.0125,0.00625));
#2590=CARTESIAN_POINT('',(0.017,-0.0125,-0.01525));
#2591=CARTESIAN_POINT('',(0.014,-0.0135,-0.00575));
#2592=CARTESIAN_POINT('',(0.014,-0.0135,-0.00575));
#2593=CARTESIAN_POINT('',(-0.014,-0.0135,0.00575));
#2594=CARTESIAN_POINT('',(-0.014,-0.0135,0.00575));
#2595=CARTESIAN_POINT('',(-0.0189912076468847,-0.0295,0.00925));
#2596=CARTESIAN_POINT('',(-0.0189912076468846,-0.0125,-0.02125));
#2597=CARTESIAN_POINT('',(0.0189912076468846,-0.0295,-0.02125));
#2598=CARTESIAN_POINT('',(0.0189912076468847,-0.0125,0.00925));
#2599=CARTESIAN_POINT('',(-0.0185,-0.0325,0.00775));
#2600=CARTESIAN_POINT('',(-0.0155,-0.0325,-0.02275));
#2601=CARTESIAN_POINT('',(0.0155,-0.0325,0.01075));
#2602=CARTESIAN_POINT('',(0.0185,-0.0325,-0.01975));
#2603=MECHANICAL_DESIGN_GEOMETRIC_PRESENTATION_REPRESENTATION('',(#1584),
#2605);
#2604=MECHANICAL_DESIGN_GEOMETRIC_PRESENTATION_REPRESENTATION('',(#1585),
#2606);
#2605=(
GEOMETRIC_REPRESENTATION_CONTEXT(3)
GLOBAL_UNCERTAINTY_ASSIGNED_CONTEXT((#2607))
GLOBAL_UNIT_ASSIGNED_CONTEXT((#2613,#2611,#2609))
REPRESENTATION_CONTEXT('Part 3','TOP_LEVEL_ASSEMBLY_PART')
);
#2606=(
GEOMETRIC_REPRESENTATION_CONTEXT(3)
GLOBAL_UNCERTAINTY_ASSIGNED_CONTEXT((#2608))
GLOBAL_UNIT_ASSIGNED_CONTEXT((#2614,#2612,#2610))
REPRESENTATION_CONTEXT('Part 2','TOP_LEVEL_ASSEMBLY_PART')
);
#2607=UNCERTAINTY_MEASURE_WITH_UNIT(LENGTH_MEASURE(1.E-8),#2613,
'DISTANCE_ACCURACY_VALUE','Maximum Tolerance applied to model');
#2608=UNCERTAINTY_MEASURE_WITH_UNIT(LENGTH_MEASURE(1.E-8),#2614,
'DISTANCE_ACCURACY_VALUE','Maximum Tolerance applied to model');
#2609=(
NAMED_UNIT(*)
SI_UNIT($,.STERADIAN.)
SOLID_ANGLE_UNIT()
);
#2610=(
NAMED_UNIT(*)
SI_UNIT($,.STERADIAN.)
SOLID_ANGLE_UNIT()
);
#2611=(
NAMED_UNIT(*)
PLANE_ANGLE_UNIT()
SI_UNIT($,.RADIAN.)
);
#2612=(
NAMED_UNIT(*)
PLANE_ANGLE_UNIT()
SI_UNIT($,.RADIAN.)
);
#2613=(
LENGTH_UNIT()
NAMED_UNIT(*)
SI_UNIT($,.METRE.)
);
#2614=(
LENGTH_UNIT()
NAMED_UNIT(*)
SI_UNIT($,.METRE.)
);
#2615=PRODUCT_DEFINITION_SHAPE('','',#2617);
#2616=PRODUCT_DEFINITION_SHAPE('','',#2618);
#2617=PRODUCT_DEFINITION('','',#2621,#2619);
#2618=PRODUCT_DEFINITION('','',#2622,#2620);
#2619=PRODUCT_DEFINITION_CONTEXT('',#2633,'design');
#2620=PRODUCT_DEFINITION_CONTEXT('',#2634,'design');
#2621=PRODUCT_DEFINITION_FORMATION_WITH_SPECIFIED_SOURCE('','',#2625,
 .NOT_KNOWN.);
#2622=PRODUCT_DEFINITION_FORMATION_WITH_SPECIFIED_SOURCE('','',#2626,
 .NOT_KNOWN.);
#2623=PRODUCT_RELATED_PRODUCT_CATEGORY('','',(#2625));
#2624=PRODUCT_RELATED_PRODUCT_CATEGORY('','',(#2626));
#2625=PRODUCT('Part 3','Part 3','Part 3',(#2629));
#2626=PRODUCT('Part 2','Part 2','Part 2',(#2630));
#2627=PRODUCT_CATEGORY('','');
#2628=PRODUCT_CATEGORY('','');
#2629=PRODUCT_CONTEXT('',#2633,'mechanical');
#2630=PRODUCT_CONTEXT('',#2634,'mechanical');
#2631=APPLICATION_PROTOCOL_DEFINITION('international standard',
'ap242_managed_model_based_3d_engineering',2020,#2633);
#2632=APPLICATION_PROTOCOL_DEFINITION('international standard',
'ap242_managed_model_based_3d_engineering',2020,#2634);
#2633=APPLICATION_CONTEXT('managed model based 3d engineering');
#2634=APPLICATION_CONTEXT('managed model based 3d engineering');
ENDSEC;
END-ISO-10303-21;
